Date,^GSPC,MMM,ADBE,AMZN,ADSK,SAM,KMX,CMG,CB,CTSH,CL,COST,DIS,FDX,JWN,QCOM,SLB,LUV,SBUX,TROW,UPS
1999-01-31,1248.7747353001644,37.508634868421055,6.1011513157894735,67.07976973684211,11.181743421052632,9.200657894736842,2.513157894736842,,30.92763157894737,0.7115542763157895,20.263980263157894,37.17434210526316,33.58967600370708,41.28947368421053,18.403782894736842,3.7921463815789473,24.769736842105264,11.644736842105264,3.2517475328947367,17.54358552631579,
1999-02-28,1246.5821147717927,38.182565789473685,5.511101973684211,54.629934210526315,10.438322368421053,8.677631578947368,2.2434210526315788,,27.598684210526315,0.8492324571860465,21.28453947368421,39.921875,33.920672366493626,43.0016447368421,20.50082236842105,4.240439967105263,24.991776315789473,12.776315789473685,3.115645559210526,16.03453947368421,
1999-03-31,1281.663913892663,37.37907608695652,6.225883152173913,67.27445652173913,10.24320652173913,8.1875,2.061141304347826,,31.108695652173914,0.7129755434782609,22.690217391304348,44.54076086956522,33.92166029888651,47.21059782608695,19.71195652173913,5.4296875,28.402173913043477,13.989130476246709,3.646059782608696,17.41508152173913,
1999-04-30,1334.7566615513392,39.07738095238095,7.387276785714286,91.0327380952381,7.319940476190476,7.925595238095238,2.011904761904762,,29.541666666666668,0.4802207322347732,24.095982142857142,43.217261904761905,32.72772498357864,53.40029761904762,19.453869047619047,10.377790178571429,29.980654761904763,14.42724863688151,4.082217261904762,17.523065476190474,
1999-05-31,1332.0740112304688,45.3640625,9.0671875,66.83125,6.6703125,8.01875,2.4796875,,31.890625,0.5091145843267441,24.290625,39.240625,29.36687183380127,57.1640625,17.29375,13.1021484375,30.728125,14.379166603088379,4.60859375,19.18046875,
1999-06-30,1322.552734375,44.44318181818182,9.613458806818182,55.79545454545455,6.536221590909091,7.894886363636363,2.8806818181818183,,28.772727272727273,0.5124289759180762,25.169744318181817,37.47798295454545,29.317546931180086,52.90909090909091,17.008522727272727,14.757457386363637,30.65340909090909,14.186237291856246,4.531072443181818,17.863636363636363,
1999-07-31,1380.990001860119,44.580357142857146,10.894345238095237,59.873511904761905,6.872767857142857,8.729166666666666,2.224702380952381,,25.761904761904763,0.5413566444601331,24.663690476190474,40.59672619047619,27.40473511105492,48.205357142857146,17.433035714285715,18.880022321428573,31.038690476190474,13.885581970214844,3.1590401785714284,18.102678571428573,
1999-08-31,1327.488653009588,47.94318181818182,11.623224431818182,53.02272727272727,6.017045454545454,8.434659090909092,1.8295454545454546,,23.051136363636363,0.5166311548514799,25.255681818181817,37.95099431818182,27.41461077603427,42.30681818181818,15.053977272727273,20.595525568181817,32.65482954545455,11.643939365040172,2.6850142045454546,16.537642045454547,
1999-09-30,1318.1719040643602,48.1875,13.155691964285714,65.13541666666667,5.886904761904762,7.818452380952381,1.7901785714285714,,19.479166666666668,0.5220734136445182,25.946428571428573,35.114583333333336,27.166918345860072,40.99404761904762,13.538690476190476,22.219122023809526,32.029761904761905,10.5376984278361,2.834077380952381,14.718005952380953,
1999-10-31,1300.010009765625,46.555059523809526,15.205729166666666,79.60863095238095,4.864583333333333,8.011904761904763,1.4776785714285714,,16.80654761904762,0.7574094704219273,26.87797619047619,38.408482142857146,24.838660739717028,40.73809523809524,12.956845238095237,25.755022321428573,28.956845238095237,11.053571428571429,2.9458705357142856,15.009672619047619,
1999-11-30,1391.0028483072917,48.33779761904762,18.166666666666668,76.24107142857143,5.587797619047619,7.434523809523809,1.380952380952381,,19.282738095238095,1.1047866940498352,28.66220238095238,42.916666666666664,25.763504573277064,42.711309523809526,11.982142857142858,41.155877976190474,31.469122023809526,11.168650808788481,3.4828869047619047,18.589285714285715,67.71875
1999-12-31,1428.6840931285512,47.46768465909091,16.227272727272727,91.07102272727273,7.962890625,7.198863636363637,1.2485795454545454,,16.704545454545453,1.7507990165190264,30.017045454545453,45.96875,27.963211232965644,40.68536931818182,12.688920454545455,57.90198863636363,28.853338068181817,10.744791767813943,3.2017045454545454,17.979758522727273,67.13352272727273
2000-01-31,1425.5855041503905,48.346875,15.6421875,68.05,7.7171875,7.5,0.9609375,,18.43125,1.8757161498069763,30.7296875,47.38671875,33.76912832260132,43.39375,11.74375,72.025,30.4515625,10.491666555404663,3.279296875,18.734375,66.578125
2000-02-29,1388.8744995117188,44.2640625,22.117578125,72.4625,9.5046875,7.484375,0.80625,,16.871875,2.3600260436534883,27.503125,49.49375,35.44309492111206,36.990625,10.753125,67.65,31.855859375,10.954166746139526,4.21953125,17.65546875,56.415625
2000-03-31,1442.212598717731,42.94021739130435,23.465353260869566,66.69836956521739,12.22758152173913,7.336956521739131,1.2798913043478262,,17.214673913043477,2.527117293813954,25.41304347826087,49.76698369565217,37.19212274966033,35.52309782608695,12.195652173913043,68.56623641304348,38.505434782608695,12.777173913043478,4.631793478260869,17.42798913043478,56.24660326086956
2000-04-30,1461.3552567331415,45.94572368421053,28.339638157894736,56.375,10.0625,7.858552631578948,1.372532894736842,,22.05592105263158,1.9023437562741732,29.330592105263158,53.79934210526316,40.30047205874794,38.723684210526315,15.447368421052632,61.11842105263158,37.16940789473684,14.00877184616892,4.737253289473684,19.332236842105264,61.526315789473685
2000-05-31,1418.4795476740057,43.03977272727273,28.147017045454547,53.69389204545455,9.250710227272727,8.573863636363637,1.28125,,26.306818181818183,2.3932587666945024,28.480823863636363,44.86292613636363,40.415672302246094,36.99715909090909,13.005681818181818,47.22940340909091,38.47727272727273,13.965909134257924,3.9818892045454546,18.259232954545453,61.27272727272727
2000-06-30,1461.9590897993608,42.04794034090909,30.734375,45.46875,9.081676136363637,8.545454545454545,1.5809659090909092,,28.261363636363637,1.9796697497367859,28.239701704545453,32.40056818181818,40.14382414384322,36.29119318181818,12.136008522727273,34.32954545454545,36.75355113636363,13.148200772025369,4.491832386363637,21.23330965909091,61.03693181818182
2000-07-31,1473.0024963378905,43.9875,32.49140625,36.784375,6.30546875,8.746875,1.6609375,,31.14375,1.7242838501930238,27.953125,33.775,36.92284526824951,40.14375,11.365625,31.209375,36.513671875,14.189583349227906,4.8908203125,21.7859375,59.884375
2000-08-31,1485.45825726053,46.85495923913044,30.46399456521739,36.10597826086956,6.194972826086956,8.98913043478261,2.188858695652174,,34.25,1.7636718646339749,26.664402173913043,34.21739130434783,39.163111811098844,40.18663041487984,9.206521739130435,30.35733695652174,41.432065217391305,15.842844175255816,4.881114130434782,21.463315217391305,57.03532608695652
2000-09-30,1468.05400390625,44.253125,35.2890625,41.725,6.8890625,9.159375,2.3109375,,36.54375,1.5887044370174408,24.407749938964844,35.72578125,38.220709228515624,40.48199977874756,8.5546875,33.704296875,41.31328125,15.356249904632568,4.79189453125,23.578125,55.08125
2000-10-31,1390.144092906605,46.01420454545455,36.12073863636363,30.786931818181817,5.46875,8.511363636363637,2.117897727272727,,37.00284090909091,1.5499822388995776,25.754999941045586,33.37215909090909,37.209546696056016,42.67727262323553,7.610795454545454,36.70134943181818,40.35795454545455,17.32954554124312,5.060014204545454,21.649147727272727,58.20454545454545
2000-11-30,1375.0376034691221,48.226190476190474,38.326636904761905,30.177083333333332,5.7351190476190474,8.029761904761905,2.0982142857142856,,39.30654761904762,1.6763392857142858,29.353333246140252,35.3125,31.75590469723656,47.32190450032552,8.56547619047619,39.110863095238095,37.61011904761905,20.0277776264009,5.786551339285714,20.897693452380953,59.88392857142857
2000-12-31,1330.9294982910155,56.9375,32.5734375,20.890625,6.764453125,8.534375,1.9671875,,40.65,1.5563151121139527,29.861999893188475,35.021875,28.830462551116945,42.46300010681152,8.29375,44.5,36.93125,20.98316659927368,5.589453125,20.3234375,59.296875
2001-01-31,1335.6390555245537,55.85184533255441,26.600818452380953,17.813244047619047,8.738653273809524,8.961309523809524,2.364285707473755,,37.44488089425223,1.8052145356223697,29.078333355131605,42.413690476190474,30.536637805757067,42.47238104684012,9.436726206824893,38.072916666666664,38.58613095964704,20.68349193391346,5.584449404761905,20.5625,60.142261868431454
2001-02-28,1305.7515804893092,55.91342143008583,18.394736842105264,13.50328947368421,8.991159539473685,9.462105148716978,2.5636841999857047,,37.48631547626696,1.8264117303647494,29.536579031693307,43.05921052631579,30.94546669407895,43.347894969739414,9.745789477699681,38.26192434210526,34.63947386490671,20.499122820402448,6.060444078947368,18.481907894736842,59.45526303743061
2001-03-31,1185.850008877841,53.98977297002619,15.175000017339533,10.908409075303512,8.647549715909092,9.51000014218417,2.98568180474368,,36.01318168640137,1.5256569656458767,27.750681790438566,38.28693181818182,28.095071532509543,41.81181786277077,8.6252272345803,28.042613636363637,32.064090728759766,17.59045444835316,5.495028409090909,16.767045454545453,56.85227272727273
2001-04-30,1189.8369995117187,55.078500747680664,20.24624991416931,13.316500091552735,8.004757761955261,9.079999971389771,4.248499953746796,,33.98799991607666,1.564682286977768,26.69049987792969,35.67862510681152,29.137757396698,40.59499988555908,8.538999915122986,26.80718755722046,30.3270001411438,18.113000106811523,4.958031225204468,16.68393740653992,55.218499755859376
2001-05-31,1270.3686356977983,59.665454691106625,21.065227421847258,15.811818166212602,8.710681655190207,9.288181825117631,6.55045450817455,,36.51772689819336,1.7572537823156877,28.606363383206453,36.319090756503016,31.41060803153298,39.98954530195756,9.21659079464999,31.56477269259366,32.09840895912864,18.633181832053445,4.935227329080755,17.89749995144931,58.542273087935015
2001-06-30,1238.7104666573662,59.51619048345657,21.31952394757952,14.158571334112258,8.654880955105735,9.207142784481956,7.382857163747151,,38.40904762631371,1.7206745885667347,29.426666804722377,40.82904779343378,29.72136606488909,38.376190185546875,9.07928566705613,28.175238109770277,28.896428698585147,17.803333282470703,5.126071453094482,18.102142697288876,57.22999990554083
2001-07-31,1204.4495210193452,56.33928589593796,20.99523807707287,14.78285721370152,8.998809496561686,9.86809526171003,8.27238096509661,,35.349047342936196,1.766924602644784,28.05285726274763,42.626666841052824,27.012718745640345,40.89619046165829,9.886428560529437,30.89023817153204,26.275000163487025,19.24571436927432,5.0378571691967196,18.023809705461776,57.60904802594866
2001-08-31,1178.5039274796195,54.49499992702318,17.446956468665082,10.419999868973441,9.28804347826087,10.87695664944856,7.978260890297268,,34.899564991826594,1.7652355121529621,27.2063045501709,40.24434761379076,26.028158851291824,40.92565221371858,10.514130426489789,32.181086830470875,25.532391340836234,18.459565287050992,4.518695686174476,18.940217142519742,55.819130607273266
2001-09-30,1044.643994140625,48.288666280110675,13.952666664123536,7.4433333079020185,8.213500054677327,10.876666704813639,5.696999994913737,,27.828000259399413,1.2411388874053955,28.0956667582194,33.79533297220866,19.941768646240234,37.49733352661133,8.432999960581462,24.03933334350586,23.4043332417806,14.922000185648601,3.8460000356038413,15.746333249409993,51.49066670735677
2001-10-31,1076.5904381793478,51.695216800855555,14.841304322947627,7.646956588910974,8.727717358133066,11.219130474588145,8.057391270347264,,35.55608724511188,1.0522282538206682,28.84195659471595,37.50478280108908,18.590806878131367,38.61695662788723,7.634347811989162,23.847391211468242,23.654130272243332,15.58869569197945,4.144891334616619,14.445000026537025,51.05347807511039
2001-11-30,1129.6833321707588,56.65785707746233,15.512619200206938,8.784285636175246,8.89702388218471,13.281428518749419,9.607142857142858,,38.075238364083425,1.308134919121152,29.092619123912993,41.86238079979306,19.639335904802596,45.076666514078774,8.883095264434814,28.76928592863537,23.61119034176781,17.893333344232467,4.519523802257719,15.36190482548305,53.87999997820173
2001-12-31,1144.9300109863282,58.92950019836426,16.41700005531311,11.07300000190735,9.652500009536743,15.57799997329712,11.116000080108643,,38.708000373840335,1.682854175567627,28.735749816894533,42.83000030517578,20.862502002716063,49.7230001449585,9.657250022888183,27.335999965667725,26.259499931335448,18.948999881744385,4.781500029563904,16.803000020980836,55.6915002822876
2002-01-31,1140.2076241629463,55.578333355131605,17.57214300973075,12.079047566368466,9.947738102504186,15.503809474763417,10.427619025820778,,37.512381054106214,1.5445039556139992,28.19785717555455,44.052856990269255,21.416914712815057,52.22952415829613,11.123571395874023,23.158809389386857,26.27928552173433,18.267619087582542,5.517976170494443,18.147380828857422,56.49904759724935
2002-02-28,1100.6689388877467,57.395789297003496,17.828420940198395,13.071578929298802,10.431842101247687,15.760526406137567,12.53763158697831,,41.33157910798725,1.4547587758616398,27.867368497346575,44.67315774214895,22.981815538908307,54.91421067087274,12.332105184856214,18.87605265567177,27.816842028969212,19.933684298866673,5.489210555427952,19.17868433500591,57.011052784166836
2002-03-31,1153.7910034179688,59.84449996948242,19.520499801635744,15.319999885559081,11.368499946594238,14.403000020980835,13.653250026702882,,42.219000053405765,1.646895831823349,27.970000171661376,40.74449996948242,23.384489250183105,58.38649997711182,12.678999996185302,20.313750076293946,29.623499965667726,19.73149995803833,5.848624968528748,20.16475009918213,60.18000030517578
2002-04-30,1112.034540349787,61.17250009016557,19.263409094376996,14.550454659895463,9.980568192221902,14.180908983403986,14.16954552043568,,43.21363674510609,1.7922159162434665,28.16363629427823,40.7759092504328,23.383188941261984,54.291817925193094,11.97818188233809,17.677499857815828,27.693182078274813,18.540908986871894,6.12659088048068,18.600909146395598,60.46454568342729
2002-05-31,1079.2672784978693,63.56886447559703,19.311817949468438,18.104999975724652,7.381136352365667,15.609545490958475,14.892727201635187,,34.88136378201571,2.1137689460407603,27.1990909576416,40.18136319247159,23.39260534806685,52.826818292791195,12.234318169680508,15.033409118652344,27.184318108992144,17.43545454198664,5.7811363176866015,18.15181827545166,59.15454535050826
2002-06-30,1014.0480072021485,62.64025039672852,15.946499967575074,17.390999841690064,6.678999996185302,16.22899994850159,11.617000007629395,,32.62499990463257,1.9913541674613953,26.263500022888184,39.46599979400635,20.48664560317993,54.33150062561035,11.776500034332276,14.751249885559082,24.364999866485597,16.16799988746643,6.111499929428101,16.827750062942506,61.74200019836426
2002-07-31,903.5854575417259,60.672727064652875,12.92227263884111,14.780000079761852,6.209545460614291,14.693636374040084,9.10272730480541,,28.082727258855645,2.2322727008299394,24.71795472231778,35.66999998959628,17.482125195589933,50.102272900668055,9.878863724795254,13.959999951449307,21.504545471884988,13.527272831309926,5.371363618157127,14.105227340351451,62.18136319247159
2002-08-31,912.5522738370029,62.611363497647375,9.580681844191117,14.547727238048207,6.257272720336914,14.89045455239036,7.715000000866977,,32.105909000743516,2.3352083292874424,26.810227134011008,33.98045461828058,15.29388882897117,47.99499997225675,9.45659082586115,13.739090832796963,20.68545454198664,13.425909129056064,5.027045445008711,13.677045475352894,64.47999936884099
2002-09-30,867.8120056152344,59.30675010681152,9.71075005531311,16.28799991607666,6.485250043869018,14.124000072479248,8.750500011444093,,31.377500152587892,2.4937291622161863,27.301500034332275,33.67750015258789,15.208870458602906,46.9435001373291,10.139499998092651,13.926000022888184,20.454500102996825,13.761000061035157,5.136625003814697,13.252749872207641,62.67899990081787
2002-10-31,854.6313078507134,60.89021732496179,11.115652125814687,18.37739131761634,6.195217360620913,14.820869736049486,7.9493478277455205,,31.95391331548276,2.5437137769616167,27.77521738798722,33.60000046439793,16.095819722051207,52.12130422177522,9.280869463215703,16.483913089918055,19.365869439166524,13.685652152351711,5.624782665916111,13.027173913043478,62.068695068359375
2002-11-30,909.9270050048829,64.33475017547607,13.814999914169311,21.34999990463257,6.903999948501587,16.338499975204467,8.621250009536743,,31.975999546051025,2.9155208349227903,26.413250255584718,32.52249984741211,18.272939491271973,53.44799976348877,10.19549994468689,18.844750022888185,21.0814998626709,15.403500032424926,5.56150004863739,14.399749994277954,62.59049987792969
2002-12-31,899.1785743350074,62.001904805501304,13.025714374723888,21.84238088698614,7.367142904372442,14.668571426754905,9.286904743739537,,31.148095085507347,3.0120238349551247,26.336190632411412,29.03714270818801,16.705672672816686,53.37047595069522,9.572381065005349,19.466190428960893,22.113571348644438,15.129523822239467,5.207500003633045,14.4626191002982,63.70428593953451
2003-01-31,895.8361903599331,63.24357169015067,13.49523807707287,21.50857162475586,7.513809521993001,14.70142868586949,8.565000034513927,,29.995714460100448,2.5862698441460017,26.24595224289667,29.5023809160505,17.343609764462425,54.967142740885414,9.358333315168109,18.75857126145136,19.94047619047619,13.686190468924385,5.301071439470563,14.059047608148484,62.629523686000276
2003-02-28,837.6189510947779,62.22315778230366,13.675263254266037,21.47315788269043,7.117368396959807,13.333684168363872,7.465789468664872,,27.935789409436676,2.7612719410344173,25.42605259543971,29.265789734689815,16.527509388170746,51.367368396959804,8.609999907644172,17.80394764950401,19.794210634733503,12.531052589416504,5.629079015631425,12.728684174387078,58.62842118112665
2003-03-31,846.6214250837054,63.753809429350355,14.874285788763137,25.11571439107259,7.4297619093032115,13.58523822966076,7.016190438043504,,27.63428579057966,2.7876388686043874,26.19095230102539,29.961904707409087,16.42381577264695,53.029047284807476,8.651904741923014,18.44738079252697,19.49809501284645,13.680476188659668,6.125,13.35452379499163,56.79714293706985
2003-04-30,890.0257132393973,65.17476218087333,16.83285717737107,26.247618902297248,7.9366666702997115,12.393333344232468,8.989047618139358,,31.652857190086728,2.550932554971604,28.0769046601795,33.2752381279355,17.80585525149391,57.73857134864444,8.37309523991176,16.456904910859606,19.61214283534459,15.14333338964553,6.309880983261835,14.488333429609026,58.987618945893786
2003-05-31,935.9628528413318,62.13452366420201,17.92595218476795,32.172857012067524,7.908095246269589,13.399523871285576,11.06166662488665,,33.97999972388858,2.4409523691449846,29.096904663812545,35.33904756818499,18.303802944365003,61.60952377319336,8.56595245997111,15.738095238095237,23.058571406773158,15.879523776826405,5.876904782794771,15.891190528869629,62.07666669573103
2003-06-30,987.9952392578125,64.23690523420062,16.818095388866606,35.25714311145601,7.994523706890288,14.46190475282215,14.455000059945244,,35.55714307512556,2.9264285677955266,29.681904838198708,36.02095231555757,19.9930666968936,63.29285721551804,9.666428565979004,17.386428560529435,23.929999851045153,16.86238107227144,6.082619031270345,18.674047470092773,63.626190185546875
2003-07-31,992.5409102006392,66.59840913252397,16.82772731781006,38.84772716869008,7.809772708199241,14.816818150607022,16.995000058954414,,33.532727848399766,3.608977285298434,28.337272557345305,36.691817890514024,20.660897254943848,64.12000066583806,10.425000060688365,18.756590929898348,23.25681833787398,17.169090791182086,6.683295445008711,19.88818177309903,64.09727304632014
2003-08-31,989.5319097609747,71.10142844063895,17.637618973141624,42.19190434047154,7.984761873881022,15.267619132995605,17.810952413649787,,32.749523616972425,3.8582142875308083,27.37238093784877,31.18904749552409,21.436645053681872,66.3095241728283,11.69214289528983,19.075476328531902,23.686904634748185,16.84619040716262,6.725595224471319,20.851904732840403,63.289523533412385
2003-09-30,1019.441900344122,70.08666592552548,19.84571411496117,47.43714305332729,8.906428564162482,15.897619111197335,17.591190519787016,,32.869524002075195,4.732857159205845,27.882618767874582,31.821428662254696,20.273984182448615,65.98809560139973,12.740714300246466,21.39190455845424,24.541666939145042,18.071904954456148,7.302738076164609,21.37714295160203,63.40952337355841
2003-10-31,1038.7343431555707,74.72869541334069,21.16065199478813,56.06260847008747,9.37369562231976,16.33782598246699,16.96065206113069,,34.61826108849567,5.248206532519797,27.998478101647418,33.59043494514797,21.49111681399138,71.01478278118631,14.316086893496307,22.308478231015414,24.5513044440228,18.791304380997367,7.572173947873323,20.832391407178797,67.87260901409647
2003-11-30,1049.8989450555098,78.63842090807464,21.087894740857575,52.725263695967826,10.464473724365234,17.892631430374948,16.25473700071636,,35.20263169941149,5.699605314355147,26.149473591854697,34.656842482717416,22.693653608623304,74.93684266742908,15.925263204072651,23.14605261150159,23.31578927291067,18.25263163917943,7.939473679191188,21.06973698264674,72.47052564119038
2003-12-31,1080.6359197443182,82.78545414317738,19.866363698785957,51.291818618774414,12.114999901164662,18.420909014615145,15.540909030220725,,39.25,5.638750032945112,25.882045485756613,36.23136346990412,22.51506874778054,71.35045519742098,16.791818141937256,25.171818126331676,25.71340916373513,16.238181807778098,8.01863635670055,22.211136384443805,73.68000030517578
2004-01-31,1132.5174987792968,82.51449966430664,19.02549991607666,53.94700050354004,12.69850001335144,18.255999755859374,16.082999992370606,,42.656500244140624,6.605812501907349,25.4270001411438,36.930000114440915,24.12239122390747,68.41849975585937,18.64124994277954,28.886499977111818,28.201749897003175,15.552999830245971,8.636375045776367,25.47775001525879,72.59150009155273
2004-02-29,1143.3563232421875,79.54368430689762,19.061315536499023,45.217368276495684,13.358421225296823,17.343157718056126,16.947631635163958,,44.36315757349918,6.282894787035491,27.394736641331722,38.10210539165296,25.2647839596397,68.09210446006374,19.856315913953278,29.633158031262848,31.553947348343698,14.532631572924162,9.35960528725072,25.899736906352796,70.79263104890522
2004-03-31,1123.9782449473505,78.85434756071672,18.695869528728984,42.35521697998047,14.516739015993865,18.54956527378248,15.266739264778469,,43.38347841345745,5.533532640208369,27.60173913706904,37.61521745764691,25.326028492139734,70.33260843028192,19.249565373296324,31.690652100936227,31.78586951546047,13.830869508826215,9.36195655491041,26.741304231726605,69.0508688221807
2004-04-30,1133.0785725911458,84.28809574672154,20.957619167509534,46.532857259114586,16.85309510003953,18.947143100556872,14.21380951291039,,43.8952382405599,5.8398214521862215,27.882619040352957,37.879524412609285,24.685048693702335,74.24476151239304,19.14523814973377,33.263333275204616,30.91000002906436,14.785238038925897,9.680357161022368,26.040238153366815,70.83571479434059
2004-05-31,1102.7815002441407,84.16549949645996,21.990249919891358,43.26349983215332,17.187750148773194,19.219500064849854,11.766000080108643,,41.57049999237061,5.458000016212464,28.577000045776366,36.733499908447264,22.750169849395753,71.96400032043456,18.777499771118165,32.34500036239624,28.679249858856203,14.680500030517578,9.681375074386597,24.17125005722046,69.97449951171875
2004-06-30,1132.7571556454614,86.85952468145462,22.54595220656622,50.857618967692055,19.64333352588472,20.3266666049049,10.912857146490188,,42.33047594342913,6.032976241338821,28.994047346569243,40.94333303542364,24.428558531261626,77.52809615362258,20.97619038536435,34.31452396937779,30.12119029817127,15.815238089788528,10.699999990917387,24.477381115867978,73.37333315894718
2004-07-31,1105.846656436012,85.52714320591518,21.348095303490048,46.0028570265997,19.579285939534504,20.492856979370117,9.851428531465077,,41.01714288620722,6.25976190112886,27.96452386038644,40.866666339692614,23.537420363653276,80.76190476190476,21.325714292980376,35.07333301362537,31.862381163097563,14.96619038354783,11.576666650317964,23.327856881277903,72.93666621616909
2004-08-31,1088.9349920099432,80.47954628684305,22.230681852860883,37.93409104780717,19.911136280406605,24.376818136735395,9.700681816447865,,38.94999954917214,6.502045501362193,26.34636367451061,41.27181816101074,21.913303808732465,79.86909103393555,19.780681783502754,36.0654543096369,30.713863546198066,14.309545516967773,11.10306826504794,23.786363861777566,71.4768180847168
2004-09-30,1117.6562034970239,81.7866672334217,24.198095230829146,40.548095158168245,23.508333206176758,23.80761918567476,10.446428435189384,,39.19238063267299,7.165952341897147,25.391666594005766,41.00999977475121,22.692788351149787,85.3528573172433,19.61142857869466,39.14238157726469,32.62976201375326,14.144285701570057,11.237976165044875,25.28595225016276,74.0038092476981
2004-10-31,1118.0680977957588,77.84333401634579,26.305476143246604,38.265714554559615,24.97785722641718,24.477142788115003,11.985476266770135,,38.07761891682943,7.9561905179704935,22.261904761904763,45.526666550409224,24.350108192080544,87.49761926560174,20.21952365693592,41.72857139224098,33.18428566342308,14.338095256260463,12.314047631763277,25.795714423769997,77.38761901855469
2004-11-30,1168.9376220703125,80.29142833891369,29.348095121837797,38.35380953834171,30.098333449590776,22.258095150902157,13.79809520358131,,39.242857433500745,9.325238046191988,23.25619061787923,48.956666492280505,26.175133296421595,93.74047669910249,22.390000207083567,40.21095257713681,32.23404766264416,15.799047697158088,13.803452310108003,29.226190294538224,82.66428665887742
2004-12-31,1199.2095447887075,80.58590975674716,31.00113651969216,40.66363646767356,35.42863637750799,21.37727269259366,14.353181838989258,,41.595000527121805,9.910340916026723,24.85181825811213,48.13045467029918,27.21574133092707,98.56818147139116,22.79886358434504,43.48136346990412,32.490454413674094,15.900909163735129,14.89602279663086,30.835000038146973,86.13499970869584
2005-01-31,1181.4079956054688,82.83800010681152,28.957499980926514,42.36000003814697,32.00700016021729,22.78000020980835,14.814999961853028,,42.72150001525879,9.584000062942504,25.129749965667724,47.52200050354004,27.62545280456543,94.29550056457519,23.844250011444093,40.295000076293945,32.52624979019165,14.86899995803833,14.237999963760377,29.629749965667724,78.34200019836426
2005-02-28,1199.6268439041942,84.41052567331414,31.328947569194593,36.20105241474352,29.86947390907689,23.872631474545127,16.11973672164114,,45.34105260748612,10.625263113724557,26.927368364836042,46.29315747712788,28.62251884058902,96.79578961824116,25.627894652517217,35.94315799913908,36.16868430689762,14.35368427477385,12.713157854582134,30.15184191653603,75.88526354337993
2005-03-31,1194.8977272727273,85.66636380282316,32.58954507654364,34.48500009016557,29.473181637850676,23.069999781521883,16.364772623235528,,43.91227288679643,11.555568131533535,26.108863483775746,44.66863649541681,27.893287571993742,97.11772745305842,26.824091044339266,36.59818181124601,36.362727425315164,14.342272628437389,13.245340954173695,30.63568184592507,75.10136378895153
2005-04-30,1164.4276123046875,80.55333382742745,31.246428807576496,33.70333308265323,32.19571431477865,21.472857066563197,14.735238166082473,,40.37285759335472,10.887857028416224,26.08142861865816,44.01238069080171,27.19216773623512,87.97904750279018,27.010476157778786,34.387142544700986,34.84190477643694,14.576190494355702,12.04583336058117,28.456904820033483,70.49999963669549
2005-05-31,1178.2757161458333,77.11190505254837,30.324047088623047,34.657618931361604,35.611905052548366,21.252857026599703,13.655238015311104,,43.16952423822312,11.140238080705915,24.9230953398205,43.717619214739116,26.82340485709054,87.58857073102679,28.32833344595773,36.177142915271574,33.78452410016741,14.92238085610526,13.364166713896251,29.004285721551803,73.41476222446987
2005-06-30,1202.2531682794745,76.26863653009588,31.170909101312812,35.09227301857688,36.43045442754572,22.332272616299715,12.907272772355514,,44.73181845925071,11.905681870200418,25.00545458360152,45.70772725885565,26.435061021284625,86.3227275501598,33.27340888977051,35.49409103393555,37.0850004716353,14.279545437205922,13.583181814713912,30.487727078524504,70.80909070101652
2005-07-31,1222.2369995117188,74.46599998474122,28.909999942779542,37.60500030517578,34.80000019073486,22.371000003814697,13.635999917984009,,45.815500259399414,12.084875011444092,25.64224977493286,45.85249996185303,25.222338581085204,83.61149978637695,36.044999504089354,36.42599983215332,39.82649974822998,14.139499998092651,12.897374868392944,32.723749828338626,70.95349922180176
2005-08-31,1224.2699983016305,72.20304373036261,27.109565403150476,44.22347823433254,38.415652067764945,23.06913027556046,15.071956510129182,,45.24695636915124,11.675760808198348,26.30326088615086,43.61695679374363,25.338467141856317,83.8930431863536,33.41217405899711,39.89695656817892,42.2052174443784,13.722173939580502,12.707934794218644,32.49391265537428,72.4421738334324
2005-09-30,1225.914771670387,72.95904758998326,27.903809502011253,43.03571392240978,43.144762311662944,23.622380847022647,15.495952379135858,,45.38238125755673,11.512857028416224,26.35523814246768,42.88857123965309,23.839946928478422,81.73000081380208,34.931428636823384,42.87238057454427,42.080952598935085,14.100476310366677,12.01011898404076,31.726190476190474,68.69762021019345
2005-10-31,1191.9642857142858,73.1999998546782,30.432857240949357,43.642381032307945,44.323809487479075,25.277142842610676,13.893809500194731,,49.05095218476795,11.144642739068894,26.198809487479075,46.137618655250186,23.35045505705334,88.43857138497489,32.996190570649645,43.504761650448756,41.203809465680806,15.279047602698917,13.27226193745931,31.757856913975306,70.43952469598679
2005-11-30,1237.3685651506696,77.13857123965309,32.991428556896395,44.708095368884855,44.38190460205078,26.555237906319753,14.002380961463565,,54.86714317685082,11.71797616141183,26.6990476335798,49.54333368937174,24.927445547921316,95.7547621954055,37.278095063709074,44.88095238095238,47.08142834617978,16.3990478515625,15.21023804800851,34.94238081432524,76.48714301699684
2005-12-31,1262.0719110398065,77.84380885532924,36.36095246814546,48.78190521966843,43.82142838977632,25.89238112313407,13.684999965486073,,54.20666667393276,12.51452382405599,27.692142577398393,49.26666695731027,24.37030801318941,100.43095216296967,37.044762021019345,44.57666705903553,49.57357134137835,16.498571577526274,15.507142838977632,36.541904994419646,76.24047560918899
2006-01-31,1278.7224975585937,76.28149909973145,39.026000022888184,45.224500274658205,42.26200008392334,25.848999977111816,14.624749898910522,44.63000011444092,54.58350028991699,12.668249988555909,27.399000072479247,50.1024995803833,24.91800355911255,101.64999961853027,40.24649982452392,47.4754997253418,57.19274978637695,16.530999898910522,15.592750072479248,37.891500091552736,75.4865005493164
2006-02-28,1276.6452765213817,72.71421091180099,38.71315745303505,38.822105407714844,36.96842133371454,25.75947370027241,15.218684146278783,44.789473282663444,54.56210547999332,13.602105241072806,27.23263158296284,50.38526334260639,26.376933248419512,102.79105256733142,40.44947373239618,47.052105150724714,58.940263647782174,16.602631619102077,17.523947264018812,37.94105288856908,74.85315704345703
2006-03-31,1293.7347783627717,74.43912970501444,36.924348084822945,36.376521566639774,38.6113045733908,26.703043481577996,16.77630432792332,49.73565209430197,54.810434590215266,14.341195687003758,28.366304314654805,54.36391316289487,27.68076117142387,112.67956576140031,40.27739135078762,49.21565229996391,60.487608536430024,17.3973912778108,18.116738941358484,38.024782429570735,77.74999966828719
2006-04-30,1302.1652703536183,81.80999916478207,37.270526484439245,36.32421051828485,41.80052626760382,26.90999984741211,17.020000056216592,53.9347367537649,52.68789452000668,15.304605333428634,28.777105130647357,54.674210799367806,27.25751425090589,115.61789382131477,38.89315836053146,51.62263147454513,65.87815856933594,17.112105218987715,19.010263442993164,41.233158111572266,81.39789460834704
2006-05-31,1290.0136274857955,85.37454639781605,32.01863627000289,34.12818163091486,38.348181291060015,26.696818178350274,16.483863787217572,60.31045497547496,53.404090881347656,16.104886271736838,29.94409110329368,54.78136374733665,29.186947562477805,113.02227158979936,36.86818174882369,48.662273233587094,68.00272750854492,16.06045458533547,18.397727359424938,39.93272712013938,81.16545521129261
2006-06-30,1253.1681795987215,80.81499966708097,29.417727297002617,35.26818171414462,35.14545458013361,27.40772715481845,16.381136243993584,60.023636384443805,49.470454302701086,15.740909099578857,30.20636359128085,54.28772752935236,29.193225513805043,110.5413634560325,36.10454559326172,42.98318169333718,59.77772747386586,15.985000003467906,18.06863646073775,37.749318556352094,80.09136373346502
2006-07-31,1260.2345031738282,72.64049987792968,28.32249984741211,33.25749998092651,31.72349977493286,28.88050012588501,17.061250019073487,54.00599975585938,50.996000099182126,16.01462483406067,30.437249851226806,54.36200008392334,29.03121519088745,110.64249992370605,34.52550010681152,36.621999740600586,64.91349983215332,17.073500013351442,17.446750259399415,37.21199970245361,77.63850059509278
2006-08-31,1287.1495679772418,70.04826089610224,32.407825967539914,27.796956684278406,33.51913070678711,31.301304361094598,17.890652034593664,51.14739160952361,51.26999996019446,17.155326138372008,29.58934783935547,50.727391284445055,29.096603061841883,101.33347884468411,35.10173913706904,35.90739142376444,64.32869587773862,17.282608778580375,15.303478199502695,42.63304337211277,69.10739135742188
2006-09-30,1317.7430114746094,73.02449951171874,35.3270001411438,31.54000005722046,34.82150001525879,33.04900026321411,20.234500026702882,50.79349975585937,54.898499488830566,18.061000061035156,30.848999786376954,49.582999801635744,29.891443157196044,105.34199981689453,41.3790002822876,37.58050003051758,58.16349983215332,16.677999877929686,16.57274994850159,46.23500003814697,71.65999984741211
2006-10-31,1363.3772638494318,76.77363586425781,38.12772716175426,33.930909330194645,35.41545434431596,34.83000044389205,21.783181884072043,55.23045453158292,57.13772687045011,19.148636384443805,30.901590954173695,51.6627271825617,30.900767066261984,113.58500012484464,46.62181784889915,37.35909063165838,60.59500018033114,16.162272973494098,18.80590889670632,47.46681872281161,74.54090881347656
2006-11-30,1388.634753999256,80.16809517996651,40.143809545607795,40.457142602829705,37.98999986194429,35.57619058518183,22.894761948358443,58.492381322951545,57.332856859479634,19.54666655404227,32.54690524509975,52.8995239621117,32.265596117292134,115.57761928013393,47.924285888671875,36.6457147144136,64.52571414765858,15.49047615414574,18.544047673543293,44.87761924380348,76.9161892845517
2006-12-31,1416.4200073242187,78.928999710083,40.472500228881835,39.311499404907224,41.133500480651854,36.48750038146973,25.197750282287597,55.461499786376955,59.656500244140624,19.807000064849852,32.70399971008301,53.334000205993654,33.85668029785156,112.94050025939941,49.12149982452392,38.42400016784668,65.79699974060058,15.578000020980834,18.09124994277954,44.214999961853025,76.3650001525879
2007-01-31,1424.160986328125,78.18899955749512,39.4189998626709,37.56300010681152,42.715000534057616,35.06399993896484,28.44675006866455,57.92599964141846,58.85599975585937,20.337875175476075,33.20375003814697,55.39550018310547,34.45795154571533,109.54599990844727,53.71999950408936,38.39899959564209,60.282999992370605,15.638499975204468,17.569250297546386,47.47100067138672,74.05899925231934
2007-02-28,1444.7947484066613,75.34578945762233,39.22052644428454,39.495263149863796,42.45894763344213,34.218420932167454,27.951315930015163,61.77578936125103,58.25263153879266,23.10605239868164,33.88421068693462,56.875263013337786,34.34785300806949,115.74052710282176,57.145789297003496,39.89684215344881,64.18842114900288,15.433684248673288,16.472631303887617,48.730000144556946,73.45684252287212
2007-03-31,1406.9518210671165,75.55499961159445,40.39318206093528,38.65590910478072,38.38818168640137,33.34863619370894,26.02522745999423,61.784545551646836,55.71272745999423,22.59772725538774,33.17613636363637,54.191363768144086,33.88896560668945,111.6936361139471,52.03590895912864,41.77045440673828,66.17999961159445,14.981363556601785,15.35159089348533,46.86863621798429,70.27727369828658
2007-04-30,1463.6405029296875,77.67550048828124,42.45650005340576,46.629500007629396,39.87350025177002,33.75700016021729,25.019500255584717,65.0680004119873,58.38549995422363,21.880875015258788,33.346749496459964,54.55399990081787,34.455979347229004,107.8635009765625,55.3230001449585,43.47599983215332,74.18800010681153,14.961500024795532,15.613499975204467,49.53349990844727,71.08199996948242
2007-05-31,1511.1368130770597,86.02909088134766,42.1881819638339,64.55909087441184,43.58500012484464,35.960454420609906,24.356818025762383,80.77681905573064,61.20727261629972,19.89886370572177,33.58772711320357,55.1368184523149,35.47543629732999,107.66090913252397,53.51954529502175,44.33727247064764,76.67772674560547,14.441818324002353,14.713409207083963,49.69318216497248,70.72590879960494
2007-06-30,1514.4895193917412,86.83238147553944,42.357142857142854,70.35904802594867,45.91571444556827,39.15952373686291,24.330952326456707,83.99857112339565,61.994762057349796,19.211071377708798,33.126190548851376,56.491428556896395,34.160294305710565,110.11000024704705,51.84476162138439,42.56619044712612,83.11095246814546,14.592857224600655,13.639523869469052,51.824761708577476,72.73714338030133
2007-07-31,1520.7047584170386,89.4933344523112,41.13619050525484,74.28428577241444,45.400476546514604,41.161428905668714,25.40095211210705,85.43618992396763,60.97619065784273,20.5485714503697,33.71119054158529,60.822857084728426,34.34428587413969,113.52047438848587,47.675714401971724,43.51761899675642,91.39047604515439,15.718571526663643,13.382619040352958,52.57666669573103,74.90952337355841
2007-08-31,1454.6169592815897,87.91130430802055,40.51913070678711,76.82130432128906,44.121739263119906,45.30434799194336,23.156956548276156,100.69956605330758,57.49521753062373,19.468478078427523,33.3236956389054,61.086521480394445,33.424348084822945,109.32347770359205,47.66826115483823,38.783478280772336,91.2691298775051,15.560434838999873,13.622391327567723,51.273043093474016,76.32130432128906
2007-09-30,1497.1163265830592,90.67210508647717,43.23421096801758,88.46157877068771,47.9489477057206,46.847368340743216,22.45421068291915,109.53263132195724,58.4168422096654,18.40999994779888,34.27236838089792,59.89736838089792,34.036316319515834,107.18105195697986,48.57526297318308,39.84368394550524,102.19526310970909,14.871578919260125,13.67605259543971,52.8763158697831,74.96420970715974
2007-10-31,1539.65869140625,91.34478295367697,46.02173929629119,91.66173951522164,48.985217384670094,52.29956535671068,21.170869578485902,127.3573923525603,61.360869863758914,20.464347673499066,36.572391012440555,65.4613038767939,34.876956939697266,105.04434768013333,43.20217348181683,41.760869896930195,104.20565165644106,14.453478274138078,13.186956530031951,58.33043438455333,75.75739089302395
2007-11-30,1463.3852364676338,82.28476242792038,43.28857131231399,83.06000046502976,46.934285481770836,36.495713915143696,20.890000025431316,127.9952370779855,58.37285723005022,16.201428640456427,38.75738107590448,66.31619081043061,32.62476203555153,98.24190521240234,34.096190497988744,40.45333317347935,93.56476193382626,13.742381005060105,11.810238111586798,61.045238131568546,72.51857176281158
2007-12-31,1479.2234985351563,85.21049995422364,42.968499946594235,91.59799995422364,49.48649997711182,35.52700023651123,21.154000091552735,144.60999908447266,60.90500030517578,16.815500116348268,39.52300033569336,69.60150032043457,32.64699983596802,95.60550003051758,36.460500144958495,39.780499649047854,95.42250022888183,13.177999925613403,10.699999904632568,61.62650012969971,72.86249961853028
2008-01-31,1378.7638055710565,78.3404769897461,37.354761941092356,81.91666666666667,43.13238125755673,35.767143067859465,19.296666826520646,123.89333307175409,59.72190475463867,14.24214285895938,38.64666675385975,66.26714343116397,29.850952511742,86.5028566632952,33.4761902037121,38.77904764811198,87.66809481666202,11.890000025431315,9.6626189549764,52.153809502011256,69.33476184663319
2008-02-29,1354.872509765625,79.85599975585937,34.537499618530276,72.27750015258789,38.10050010681152,37.18149967193604,19.910000133514405,106.86150093078614,58.00650005340576,15.72475004196167,37.93824996948242,64.6670000076294,32.09799976348877,89.5,37.23999996185303,42.16149978637695,83.02599983215332,12.58250002861023,9.250000047683717,50.47449989318848,72.12250022888183
2008-03-31,1316.9429931640625,78.34500045776367,33.77350006103516,68.58150005340576,32.21800012588501,43.25400009155273,19.194000053405762,103.17049980163574,55.16400012969971,14.604749965667725,38.46224994659424,62.710499954223636,31.40299997329712,88.46699943542481,34.545999908447264,39.95549983978272,84.51700057983399,12.132999897003174,8.799999952316284,49.05250015258789,71.77850112915038
2008-04-30,1370.4690940163352,79.76045400446111,36.72181805697355,77.08181832053445,34.336818348277696,45.20181811939586,20.090454361655496,110.76363684914328,57.8777268149636,14.902954491701992,38.65045460787687,67.97136341441761,31.36000009016557,95.35363630814986,34.870908910577946,42.24909071488814,96.14136505126953,12.649545366113836,8.72636359388178,54.825455232100055,72.61409135298295
2008-05-31,1403.2176164899554,77.3471432640439,41.223809560139976,77.34000033424014,39.67047627766927,41.68095216296968,20.63571430387951,93.89142826625279,60.37904757545108,15.772619065784273,36.163333529517764,72.31619044712612,34.06619081043062,91.81857118152436,35.56714266822452,45.805238269624255,102.9152370634533,13.082857177371071,8.356904779161725,60.566666376023065,70.91666594005767
2008-06-30,1341.250964936756,74.23285747709728,41.807619004022506,79.82381003243583,38.2480955578032,39.83380980718704,17.121904827299574,90.00142814999535,58.91047613961356,17.418333053588867,35.904761904761905,70.06428600492931,32.93904804048084,84.92047664097377,33.683333260672434,47.71476218813942,103.29571496872674,13.828571455819267,8.731428645905995,59.14666675385975,66.77999986921039
2008-07-31,1257.32636607777,69.6481819152832,40.37454570423473,72.43227282437411,33.72772719643333,42.666818445379086,13.210909063165838,75.28772735595703,50.37727286598899,14.457499980926514,35.07363579489968,68.7727279663086,30.44090921228582,77.46590943769975,29.421363657171074,48.39909068020907,100.25136427445845,14.392727201635187,7.343863660638982,54.31909058310769,60.363182067871094
2008-08-31,1281.4723656063989,71.88714272635323,44.07000005812872,82.2952379499163,35.6519045148577,44.71095275878906,14.921428544180733,71.9499994913737,52.066190628778365,14.997142927987236,38.34380976359049,66.32809448242188,31.778571446736652,83.5519042242141,29.780000141688756,54.804285866873606,95.26095290411087,15.309047653561546,7.815714359283447,59.23333304268973,64.10476157778785
2008-09-30,1217.0228562127977,69.66666666666667,39.98809541974749,75.94285765148345,33.92285664876302,46.0033338637579,15.30190472375779,62.32142875308082,55.0971429007394,13.013571375892276,38.41714223225912,67.16619128272647,32.37666620526995,85.73238082159133,32.19952392578125,46.65619023640951,85.34857105073475,15.45000003633045,7.655476252237956,57.77476247151693,65.62619091215588
2008-10-31,968.8008741295856,60.17565188200577,28.48478250918181,56.410000676694125,25.171739080677863,41.54304388295049,10.369565300319506,48.23304333894149,48.72391310982082,9.225217446036961,32.254782552304476,57.00086991683297,25.379565197488535,66.60173930292544,18.8760868570079,38.75130429475204,58.21000024546748,12.103913016941236,5.755869575168775,40.96695651178775,53.067391437032946
2008-11-30,883.04052734375,62.908420964291224,23.665789152446546,44.41315761365389,18.901052675749128,32.79263165122584,8.26157906180934,45.19473708303351,50.01052635594418,8.961842185572573,31.478947589271947,50.31684212935598,21.982105455900495,64.86736899928043,12.307894581242612,33.427894391511614,48.46631602237099,9.922631564893221,4.738947353864971,32.66210535952919,53.43894717567846
2008-12-31,877.5618175159801,57.460454420609906,21.691818237304688,49.4631817557595,17.814090858806264,28.417727297002617,7.807272759350863,57.075908834284,49.739545128562234,8.858636487614024,31.71772714094682,52.48454562100497,22.538636554371227,64.11636404557662,12.346818143671209,33.51545437899503,41.17318205399947,8.11727278882807,4.606136365370317,32.587727373296566,54.03954523259943
2009-01-31,865.5755004882812,55.98300018310547,21.570999908447266,52.317000007629396,17.784999895095826,26.75250005722046,8.016999983787537,52.951999473571775,47.949499893188474,9.799250030517578,32.20049991607666,48.71750030517578,21.808500003814697,58.401000595092775,13.586500024795532,35.620499992370604,42.21050033569336,8.330000042915344,4.741249990463257,31.14399995803833,49.238000297546385
2009-02-28,805.2273688065378,49.10526315789474,19.524736906352796,63.42631570916427,16.28789490147641,26.040526239495527,8.896842053062038,52.399999919690586,41.38947396529348,9.76552636999833,31.022631695396022,43.299473210384974,18.347368641903525,49.44526331048263,12.933684298866673,34.60210579320004,40.41789486533717,6.766315736268696,4.876578933314273,25.831578806826943,43.807894254985605
2009-03-31,757.1268144087358,46.84909109635787,19.4877273386175,68.51954546841708,13.581363634629684,20.695909066633746,11.084090926430441,58.440909298983485,36.688182223926894,10.032727371562611,28.881136287342418,43.26045469804244,17.37318194996227,41.27318208867853,14.943636417388916,36.49545478820801,40.85499988902699,5.698636358434504,5.172500046816739,25.487727512012828,44.34045496853915
2009-04-30,848.1518990652902,53.78190485636393,24.47619038536435,78.61142839704242,18.530000141688756,23.876190639677503,12.224761826651436,76.53761872791108,44.677619025820775,11.502857208251953,29.801904678344727,46.92047591436477,19.832380930582683,51.535238538469585,20.60523796081543,41.05666696457636,45.70476205008371,7.162857146490188,6.129999955495198,34.4476196652367,52.984285808744886
2009-05-31,902.4085021972656,58.043999671936035,26.521999835968018,77.69049949645996,19.910999870300294,28.34449996948242,11.335999965667725,77.80100021362304,44.02350006103516,12.758999967575074,31.644250106811523,47.186499977111815,23.96299991607666,55.812499809265134,22.00299997329712,42.17700004577637,54.17349967956543,7.026499938964844,6.769750022888184,38.972500038146975,52.70000019073486
2009-06-30,926.1150013316761,59.46727267178622,28.954999923706055,83.54318167946555,21.136363462968305,29.31454545801336,13.501363624225963,82.25499933416194,44.42999978498979,13.144318233836781,35.27295424721458,46.774091026999734,24.202727144414727,54.61090902848677,20.309090961109508,45.19045482982289,56.788636294278234,6.658181797374379,7.271136370572177,41.98545455932617,49.961363705721766
2009-07-31,935.8213639692826,64.0113634629683,30.00590922615745,83.61227243596858,19.639545440673828,29.799545721574262,14.987727251919834,85.87545394897461,45.1845456903631,14.142954609610818,36.74159084666859,47.15772767500444,24.43909116224809,60.01545437899503,22.397272716869008,45.81545482982289,53.71454568342729,7.03227279402993,7.589772679589012,42.293181506070226,51.255908792669125
2009-08-31,1009.7247576032366,71.77142842610677,32.37714240664528,84.08000037783668,23.740952537173317,38.7461903889974,16.85999970209031,89.5066659109933,50.2976192292713,17.124999909173873,36.08428537277948,49.222857339041575,26.103809719993954,67.21952438354492,28.35380962916783,46.37619109380813,54.66904794602167,8.739047595432826,9.53285721370152,46.265714191255114,53.61619041079567
2009-09-30,1044.5523826962426,73.57333374023438,32.91619019281296,86.74285707019624,23.53714288984026,38.433333260672434,19.013809385753813,89.78285725911458,51.24809537615095,18.688809712727863,37.24285725184849,56.39952450706845,27.511904852730886,74.39380936395554,30.226190476190474,45.41333334786551,59.0971425374349,9.278095290774392,9.90523810613723,45.18476177397228,56.81047657557896
2009-10-31,1067.6636297052557,75.1936361139471,34.1899998404763,101.24318174882369,25.055909156799316,38.33227244290438,20.98636349764737,88.33409014615145,54.011817932128906,19.780227314342152,39.16000002080744,57.92590921575373,28.492727192965422,77.13090931285511,32.96727232499556,41.68045494773171,64.10136465592818,9.124545400792902,10.067727262323553,47.433182109485976,55.91954526034269
2009-11-30,1088.0690063476563,76.84449996948243,35.57100009918213,128.5875,25.572500133514403,40.52350006103516,20.527499866485595,86.03099937438965,50.846499633789065,21.90000009536743,41.04675006866455,59.97299995422363,29.5935001373291,80.71750068664551,34.12449989318848,44.57399997711182,64.97849903106689,8.913499927520752,10.58274998664856,49.78899993896484,56.58499984741211
2009-12-31,1110.377724387429,80.89409117265181,36.6504542610862,134.8954551003196,24.644090912558816,44.40999984741211,22.099090749567207,87.8759089383212,49.62045461481268,22.384545412930574,41.821136474609375,59.42954514243386,31.665454864501953,86.44863579489969,36.171818473122336,45.32136379588734,63.164090936834164,10.775000008669766,11.287499904632568,51.27999981966886,58.1390907981179
2010-01-31,1123.5815815172698,82.9968426353053,35.57789451197574,127.42315794292249,25.440000132510537,47.172631313926296,22.714210610640677,95.25578830116673,48.39157887508995,23.288157914814196,40.48315750925165,58.5536840338456,30.80368423461914,83.25999972694798,36.25263153879266,47.2447365208676,68.18421012476871,11.444210554424085,11.51605264764083,53.16263158697831,59.927894592285156
2010-02-28,1089.1599892064144,79.89631572522615,32.990526600887904,118.02105271188836,24.995263049477025,46.36947330675627,20.800526267603825,102.08157870644017,49.458948034989206,23.18789462039345,40.49473712318822,59.765789232755964,30.455263238204154,80.50421142578125,35.26789474487305,38.510526155170645,63.479474117881374,11.959473609924316,11.299210548400879,49.72684157522101,57.70684212132504
2010-03-31,1152.0486901324728,81.79739081341287,35.28391315626062,130.897390946098,29.152173830115277,50.761739150337554,23.707391407178797,112.95999974789827,51.531304235043734,25.517608476721723,42.207608761994734,60.547391310982086,33.68434781613557,88.97347823433255,39.90086961829144,39.68304327259893,63.56999952896781,12.900434908659562,12.155000064683998,54.019130872643515,62.21913064044455
2010-04-30,1197.316185360863,85.33380962553478,35.11857169015067,141.07000005812873,32.212857200985866,55.43904785882859,25.198095140003023,128.56238156273253,52.98380951654343,26.153333391462052,42.26452364240374,60.004761650448756,36.19809559413365,91.9500005812872,42.91333316621326,41.23333340599423,68.03809502011254,13.427619025820778,12.734285627092634,57.241428556896395,66.69523765927269
2010-05-31,1125.0620056152343,83.45799903869629,32.894999980926514,127.6060001373291,30.758000087738036,59.71500015258789,22.9540002822876,137.53899993896485,51.30650024414062,24.9792498588562,40.704750061035156,57.88999996185303,34.186999797821045,85.43400001525879,40.060000038146974,36.729999732971194,63.45450000762939,12.591000032424926,13.067750120162964,52.73400058746338,65.23400039672852
2010-06-30,1083.3608953302557,78.526817668568,31.250908851623535,121.66727239435369,27.519545468417082,69.36954498291016,20.728636394847523,146.24136352539062,51.33681852167303,25.860909288579766,39.66000002080744,57.296363830566406,33.896818507801406,78.22727272727273,37.15045460787687,35.0504545731978,57.573182192715734,11.960454550656406,13.370909040624445,48.15090907703746,60.623181949962266
2010-07-31,1079.8033360072545,82.87857200985863,27.85380962916783,117.51904769170852,26.60761914934431,69.03904796781994,19.959047680809384,140.307620093936,53.17857197352818,26.631428763979958,41.00190462384905,55.54095204671224,33.41523824419294,76.78809574672154,33.48809523809524,36.23523839314779,58.51999991280692,11.641904785519554,12.57238092876616,47.36142803373791,61.307142893473305
2010-08-31,1087.2822709517045,83.62500034679066,28.328636516224254,126.37272748080167,28.415909160267223,66.34454588456587,21.02090904929421,148.97408988259056,53.59272731434215,29.595000006935813,38.10477222095836,56.105454358187586,33.64545449343595,82.38363682140003,32.1145452152599,38.648636384443805,58.739999771118164,11.485454559326172,12.113181764429266,47.01909117265181,65.4036355452104
2010-09-30,1122.0819033668154,84.92523847307477,29.79809515816825,147.66428702218192,31.453333264305478,67.93809509277344,24.210000265212287,168.24857221330916,56.86952372959682,31.612142926170712,38.31261880057199,61.20999999273391,33.903333391462056,83.76666768391927,35.048094976516,42.26285698300316,58.80428568522135,12.024761790320987,12.74809523991176,49.052856990269255,67.13333347865513
2010-10-31,1171.5838099888392,88.7895249866304,27.512380872453964,160.74142746698288,33.464761824834916,68.84904625302269,29.23095230829148,187.67714364188058,59.69095193772089,32.861905143374486,37.912618909563335,63.76809565226237,34.732380821591335,88.27095249720982,37.99809501284645,44.47952379499163,65.06571433657692,13.172380901518322,13.597857202802386,52.73285711379278,68.29238092331659
2010-11-30,1198.8885614304315,85.15761965797061,28.96714292253767,168.52142842610678,35.274761926560174,80.41666666666667,32.53952407836914,234.24238077799478,60.09047644478934,32.18333353315081,38.78809556506929,65.70380964733306,36.79999996366955,87.89666675385975,41.84761919294085,47.302856990269255,74.80809565952846,13.718095234462194,15.16309524717785,58.08714330764044,68.67238071986607
2010-12-31,1241.5254516601562,86.08227330988103,29.462272730740633,178.83908982710406,38.546818473122336,91.14863551746716,33.78272689472545,232.5786361694336,60.884545586325906,35.58295458013361,39.80250011790883,71.12318108298562,37.280000339854844,93.49090922962536,42.31181820956144,49.24863676591353,81.99499927867542,12.975909103046764,16.246818369085137,63.04409113797274,72.52863658558239
2011-01-31,1282.6184997558594,87.92800025939941,33.06800031661987,182.35249938964844,40.789500045776364,92.0200008392334,32.21750049591064,223.85899963378907,61.339999961853025,37.18274993896485,39.332999801635744,71.93150024414062,39.31499977111817,93.75400009155274,41.91949996948242,52.14850025177002,84.36149978637695,12.871999979019165,16.351249933242798,66.11199951171875,72.43850059509278
2011-02-28,1321.1178877981085,90.51421115272923,33.882631402266654,181.11789341976768,42.63210517481754,92.98000054610402,34.873157701994245,251.15736871016654,63.395789297003496,37.900789762798105,38.91105270385742,74.05473689029091,42.36631634360865,92.97421023720189,44.771052511114824,57.18157878674959,91.34684231406764,12.050000090348092,16.427894793058698,67.84631628739207,74.61736899928043
2011-03-31,1304.4865138841712,91.43608690344769,33.465652548748515,168.80391460916272,41.1260871887207,89.72782698921536,33.64869590427565,253.48347738514775,62.09999996682872,38.49391340172809,39.29804362421451,72.053478738536,42.53565216064453,89.72782566236413,43.426521632982336,54.390869969907016,88.96391329558,12.280000064683998,17.668695781541906,64.67391304347827,72.65304300059442
2011-04-30,1331.5050109863282,93.85700073242188,33.96750011444092,184.57649993896484,43.73000030517578,92.26150054931641,32.77999973297119,274.9665008544922,65.97649993896485,40.52675018310547,40.7419994354248,77.39349975585938,42.07800025939942,93.73000068664551,46.49000015258789,54.522000312805176,89.07849998474121,11.807000112533569,18.18650016784668,66.18450012207032,73.55150032043457
2011-05-31,1338.3104654947917,94.74761853899274,34.41761961437407,198.16666739327567,43.82714316958473,83.83761887323288,31.034285681588308,276.0280950637091,67.93095252627418,37.872857048397975,42.88452384585426,81.79857126871745,41.90952391851516,93.64761970156715,46.964285714285715,56.861905052548366,83.83999960763114,11.998095330737886,18.159047535487584,62.649523417154946,73.88142867315383
2011-06-30,1287.2886408025568,91.91818167946555,31.7018180326982,191.6672723943537,38.076363650235265,85.522272976962,29.514545440673828,284.5963592529297,65.76181775873357,35.897954420609906,43.0361362804066,79.41954456676136,38.69045448303223,89.379544691606,44.30772729353471,55.226363615556195,83.42681815407492,11.203181917017156,18.222954576665703,57.96909089521928,70.44681930541992
2011-07-31,1325.184503173828,94.34249954223633,29.923499965667723,215.19500122070312,37.04600009918213,90.59799995422364,32.9274998664856,326.17549591064454,65.42549953460693,36.86174983978272,43.81049976348877,80.59200019836426,39.66700077056885,93.02899932861328,50.119500160217285,56.78699989318848,89.62049942016601,10.711999988555908,19.998750114440917,59.0805004119873,73.05699996948242
2011-08-31,1185.3056534476902,81.2778260604195,24.725217570429262,199.4586944580078,28.646956568178922,83.79434834355894,27.520434752754543,305.03260736880094,62.99304365075153,31.51673930624257,42.80521724535071,75.41739190143088,33.675652130790375,78.84695666769277,42.68869516123896,49.88391279137653,78.1986953071926,8.479130454685377,18.575217205545176,51.095651875371516,64.82608728823455
2011-09-30,1173.8790573846727,77.38999975295295,24.967618942260742,223.24285670689173,27.86523809887114,76.75142778669085,26.462857200985862,316.84762137276783,61.71666717529297,31.59642882574172,45.13452366420201,82.1452386038644,31.53952389671689,73.02428581601097,45.98571414039249,51.38333347865513,69.02380970546177,8.377619152977353,19.409285772414435,49.98333322434198,64.61523782639276
2011-10-31,1207.2161865234375,77.18571435837518,26.462380999610538,226.83809480212983,30.95666658310663,83.94476245698475,27.928571519397554,318.0923796154204,65.43428620837983,34.75809515090216,45.45857166108631,82.59285736083984,33.510952086675736,75.89190492175874,50.11190450759161,52.08238093058268,67.45952315557571,8.397142841702415,20.406904765537806,52.194762275332494,68.29857054210845
2011-11-30,1226.414771670387,79.38714345296223,27.98714301699684,205.48095121837798,33.25571468898228,97.20523797898065,28.535714285714285,321.8623788016183,69.07666705903553,33.775238037109375,44.1980950491769,83.09095328194755,34.81380953107561,80.42809549967448,48.04047611781529,54.95428539457775,72.71333349318732,8.09190473102388,21.3269046601795,52.53190467471168,69.35142807733445
2011-12-31,1243.3228469122023,80.61809539794922,27.721904754638672,183.9338110060919,32.12238075619652,104.83190482003349,30.385238102504186,331.7519022623698,68.88238125755673,33.1485710144043,45.58928607759022,84.60428546723865,36.500000181652254,82.87904684884208,48.2552375793457,54.12428574335007,70.32476225353423,8.428571428571429,22.196666717529297,56.52047638666062,72.18142845517113
2012-01-31,1300.5780151367187,85.12600059509278,29.798999977111816,185.0279983520508,33.576999759674074,101.29100112915039,31.676000022888182,354.8290023803711,70.40599975585937,34.65349998474121,44.8370002746582,81.5525001525879,39.1290002822876,89.74499969482422,49.412000274658205,57.14000053405762,71.84349975585937,9.035500049591064,23.682499980926515,59.27800025939941,74.75200004577637
2012-02-29,1352.4875,87.71149940490723,32.45100002288818,183.2429992675781,38.09299983978271,100.9009994506836,30.15650005340576,379.5355026245117,73.18899993896484,35.725250244140625,46.11725025177002,84.52949943542481,41.15250015258789,93.27600059509277,51.54549980163574,61.969000053405765,78.39799995422364,9.411500024795533,24.263250064849853,60.256499671936034,76.74150009155274
2012-03-31,1389.2400013316762,88.20181759920987,33.71409095417369,189.53408952192828,39.53227303244851,101.06318179043856,33.75636369531805,407.0022721724077,72.77636337280273,37.3745455308394,47.54568204012784,89.59500018033114,43.075909181074664,92.2304538380016,54.438636779785156,65.32727276195179,74.04909064553,8.42727262323553,26.376136259599164,63.46954501758922,78.65727337923917
2012-04-30,1386.4289855957031,87.48300018310547,33.310500144958496,195.29150161743163,40.537499618530276,102.16349983215332,32.07200002670288,422.7989974975586,73.88499908447265,37.0915002822876,49.0355001449585,87.90550003051757,42.4790002822876,89.14899978637695,55.31800003051758,65.44250030517578,70.36449966430663,8.095500016212464,29.317249965667724,63.04149990081787,79.49849967956543
2012-05-31,1341.2727161754262,86.20136330344461,32.2390907460993,220.8849993619052,35.043636322021484,106.55590924349698,29.23136364329945,405.8054559881037,74.58545476740056,31.10659087787975,49.689090902155094,84.38863684914328,44.53500002080744,88.29181775179777,51.87045461481268,60.015454205599696,67.88181790438566,8.355454574931752,27.307499798861418,59.200454538518734,76.13500074906783
2012-06-30,1323.4842936197917,86.12523869105748,31.496666499546595,219.27476356143043,32.84333356221517,112.18904876708984,26.988094965616863,403.03333536783856,71.93333326067243,29.336428778512136,50.031190418061755,89.86142839704242,46.62523814610073,87.93380918956939,48.46809514363607,56.50761904035296,63.66904794602167,9.01952380225772,26.667143049694243,59.28333336966379,76.36666724795387
2012-07-31,1359.7761986142114,89.35857100713821,31.044761657714844,224.06285603841147,32.5742856888544,115.12619018554688,26.766190483456565,353.8804742722284,72.22238013857887,28.798571359543573,52.33761941818964,94.96238090878441,48.51714270455496,90.72619083949498,52.21047592163086,56.46761866978237,67.94000062488374,9.151904741923014,25.75928579057966,61.44428580147879,78.02523803710938
2012-08-31,1403.4482581097147,92.30826071034308,32.46434767349906,238.9939137334409,33.70434744461723,107.14347806184188,29.25391313304072,294.5352186120075,73.44739167586617,31.73130458334218,52.86804315318232,96.19347812818444,49.73695672076681,88.80913046131964,56.274348051651664,61.69913051439368,73.73956497855808,9.118695632271145,23.493913070015285,61.42782609359078,75.615652664848
2012-09-30,1443.4194721422698,92.64421001233552,32.82263133400365,255.74052670127466,32.84315821998998,107.12578944156044,30.899473692241468,326.51315950092516,75.69999935752467,33.96394739652935,52.90052654868678,100.97315818385074,52.01000032926861,86.90947402151008,56.709473860891244,63.08526270013107,73.95473721152858,8.995263200057181,25.290789252833317,63.60842092413651,72.88368425871197
2012-10-31,1437.816662016369,92.41761925106957,32.82904797508603,244.29476347423736,32.04238101414272,107.06142861502511,31.785714285714285,276.57333301362536,78.67285664876302,34.87857146490188,53.823094867524645,98.11904834565662,51.38380977085659,89.50000036330451,55.96190516153971,59.98904782249814,72.03476242792038,8.872380937848773,23.71071415855771,64.32809502737862,72.84380958193825
2012-11-30,1394.5123872302827,89.44047546386719,33.350000472295854,234.42238144647507,31.688095092773438,113.49142892020089,34.52095231555757,266.06476120721726,78.19047691708519,33.00595238095238,52.953333718436106,97.34761955624535,48.83714276268368,89.53285725911458,55.52857135591053,61.56190436226981,69.73333376929874,9.148095221746535,25.201666514078777,64.44761803036644,72.2538099743071
2012-12-31,1422.2854919433594,92.3875,36.59499988555908,252.81800003051757,34.62400016784668,126.82250099182129,36.18600025177002,281.47449951171876,80.22500076293946,35.945749855041505,53.138999938964844,99.4734992980957,49.5625,90.76349906921386,52.46700019836426,62.64050006866455,70.65200004577636,10.134000062942505,26.616499996185304,64.99949951171875,73.76700019836426
2013-01-31,1480.395240420387,97.9557142711821,38.13000015985398,268.37952386765255,37.26095235915411,140.22571382068452,38.32047580537342,299.0333339146205,83.23428599039714,38.558333260672434,54.09047626313709,101.73095230829148,52.255714416503906,98.79571424211774,55.026190803164525,64.41761870611282,75.06095195951916,11.148095176333474,27.59428560166132,69.81380898611886,79.23761858258929
2013-02-28,1512.3115812602796,102.71368448357833,38.65157900358501,263.69737002724094,38.25421042191355,147.43579021253083,39.22684197676809,315.0910532098067,85.89473684210526,38.52473670557926,55.44736862182617,101.69684199282997,54.56736855757864,105.4321060180664,54.75947410181949,65.86947310598273,78.60210499010589,11.510526305750796,27.54578931708085,72.46263162713302,82.25894887823807
2013-03-31,1550.8289855957032,105.26549949645997,41.71750030517578,265.75849838256835,40.19249935150147,159.00800018310548,40.811000442504884,321.77600250244143,87.68699989318847,38.90849990844727,57.41674995422363,103.4770004272461,56.72000026702881,103.99800033569336,53.96300048828125,66.26199989318847,76.24900016784667,12.525999975204467,28.628499889373778,74.38200035095215,84.59050064086914
2013-04-30,1570.702264959162,105.9600004716353,44.52590890364213,263.0722725608132,37.990908882834695,161.15363589200106,42.97045464949174,343.5545460094105,89.5172726024281,35.324545253406875,59.260000228881836,106.40999984741211,60.18045442754572,94.94500038840555,55.59863645380194,64.91863632202148,73.6359089938077,13.1122727394104,29.32000004161488,74.16500022194602,83.90818162397905
2013-05-31,1639.842723499645,109.88772687045011,44.2268180847168,262.72772494229406,38.31272714788263,151.04590953480113,47.10090862620961,369.6490908536044,90.58772798018022,32.378863768144086,60.71250048550692,111.30590889670633,65.78681859103116,98.25772718949752,59.46681802923029,64.46863677284934,75.79090916026722,14.147272716869008,31.514318206093527,75.94363715431906,87.45863619717684
2013-06-30,1618.7725158691405,110.05599899291992,44.13949985504151,274.1020004272461,35.294000244140626,164.1965003967285,46.214999961853025,363.35899963378904,88.55000076293945,31.877000045776366,57.97299995422363,110.36549911499023,63.59449996948242,98.13450050354004,58.91649990081787,61.81900005340576,72.4810001373291,13.6239999294281,32.49850025177002,73.81450004577637,85.98300056457519
2013-07-31,1668.6754427823153,114.40045443448153,47.477727023038,298.97681912508875,35.57545488530939,178.7409099232067,47.781818043101914,390.373178655451,92.28954592618075,35.01954581520774,58.843182130293414,115.51954546841708,64.84090995788574,103.47909095070578,61.76454544067383,61.930908549915664,78.38454506613992,13.445909066633744,34.47204537825151,76.49318105524236,87.41954664750533
2013-08-31,1670.0936390269887,116.08227296309038,46.351363615556195,291.15318298339844,36.111818140203304,209.25363505970347,48.618182095614344,405.6249986128374,89.79363666881214,36.4377274946733,59.54363649541681,114.45181794600053,63.215000499378554,108.99090922962536,58.46909072182395,66.48272601040927,81.6413643576882,13.420454588803379,35.943409486250445,73.24863676591353,86.95863550359553
2013-09-30,1687.1735046386718,118.59750061035156,49.47399959564209,304.72949981689453,39.333499908447266,234.9490005493164,50.4939998626709,418.1130004882813,92.20200042724609,40.15949974060059,59.36749973297119,116.3620002746582,64.27350025177002,111.63950004577637,56.7875,68.51149940490723,86.88950042724609,13.991500091552734,37.53650016784668,72.18750038146973,89.44750022888184
2013-10-31,1720.0265317170517,121.60304359767748,52.400869784147844,325.97435196586275,40.61869563227115,242.2908703347911,47.88869559246561,471.86173281462294,94.84695666769277,42.880217344864555,62.00260925292969,116.18521748418394,66.70478273474652,122.54217562468156,58.01478278118631,67.90304300059442,91.40695621656334,15.819565192512844,39.16826132069463,74.94304391612177,92.78173794953719
2013-11-30,1783.5410034179688,129.27649955749513,56.02299976348877,364.8320007324219,43.47399959564209,242.85400009155273,49.130499839782715,534.8104919433594,99.08000030517579,45.97875003814697,65.47450065612793,123.31749877929687,69.33599967956543,135.70900039672853,61.83049964904785,70.75349960327148,91.81650009155274,18.120500087738037,40.44624996185303,79.20499954223632,100.57150001525879
2013-12-31,1807.7752336774554,131.96000126429968,57.63095219930013,391.49666777111236,47.647618793305895,234.9538087390718,50.16666648501442,523.5300060453869,101.09666697184245,48.04619035266695,64.78952444167365,119.65666671026321,72.01857212611607,140.115238734654,61.02904746645973,73.20000094459171,87.60904766264416,18.56761905125209,39.12952404930478,81.02809470040458,102.79476202101935
2014-01-31,1822.3566603887648,134.7990482875279,59.705237978980655,394.8633350190662,51.22523843674433,218.9576176234654,45.25523812430246,520.4319080171131,97.02190435500373,49.346190497988744,63.72999990554083,115.01190512520927,74.26428513299851,138.8690483456566,59.682857513427734,73.76952434721447,88.49666704450335,20.70428566705613,37.5254761832101,81.61190432593936,99.45904795328777
2014-02-28,1817.0347386410363,130.6915777106034,65.6736841703716,354.3368433902138,53.13315803126285,221.41736803556742,47.32684245862459,550.8268432617188,95.76789414255242,49.773683849133946,61.657368308619446,114.32947379664371,77.57894817151521,132.33894669382195,58.76473657708419,74.95263230173211,90.1657899555407,21.43947370428788,36.33894769768966,79.5484205547132,95.44578913638466
2014-03-31,1863.5233386811756,132.8699994768415,67.17571331205822,362.6304771786644,51.19285728817894,242.80333310081846,47.595237731933594,582.3452380952381,98.08095223563058,50.78523799351284,63.532380785260884,113.82428596133278,80.66952332996186,135.91476004464286,62.010476430257164,77.17571331205822,92.71619015648251,23.44428589230492,37.020714169456845,81.8385714576358,97.30904715401786
2014-04-30,1864.2633347284227,136.20428394135973,62.5952388218471,321.6414257231213,47.61571466355097,237.9209514799572,44.32809520903088,530.7561892554874,100.1433337983631,49.23809487479074,65.94476245698475,113.19952392578125,79.28238060360863,134.34952436174666,61.854285467238654,79.30666678292411,99.73761967250279,23.67904772077288,35.51309549240839,80.7547614687965,97.74428485688709
2014-05-31,1889.7671421595983,141.1866658528646,61.92714309692383,302.9538109188988,49.61333283923921,226.41666666666666,44.61095264979771,511.9633309500558,102.76809510730561,48.28857167561849,66.95381019228981,114.85619063604446,81.77618989490327,139.26476251511346,64.68428511846633,79.77285657610211,101.13619050525483,25.029524212791806,35.55738122122629,80.91238112676712,100.95238095238095
2014-06-30,1947.087611607143,143.78238278343565,68.98714265369233,324.5733351934524,54.92190479096912,219.29190572102866,47.31142825172061,581.8090529668899,104.2490470522926,48.693333217075896,68.15952337355841,116.10476175944011,83.97047642299107,145.42476109095983,68.04666682652065,79.4028570992606,108.28619130452473,26.914285750616166,37.89119048345657,83.09380958193825,102.55095309302921
2014-07-31,1973.0999866832387,144.57636260986328,72.18045460094105,339.9190937389027,55.82227273420854,224.84363555908203,51.57454508001154,623.1013655229049,103.95636367797852,50.03772666237571,68.34272731434216,117.3863639831543,86.35136344216086,151.36545424027875,68.70363755659623,78.87318142977628,114.21409086747603,27.95863628387451,39.297954385930844,81.9850002635609,102.7840902155096
2014-08-31,1961.5319068545386,142.40523928687685,70.23190561930339,327.3319033668155,54.03190485636393,226.76285807291666,50.813333238874165,678.1561947777158,103.02809542701358,45.88904789515904,64.51285716465541,119.75952439081101,88.57952263241722,148.62666756766183,68.76380993071056,74.93142845517113,108.7028572445824,30.102857044764928,38.73833338419596,78.91000039236886,97.03809611002605
2014-09-30,1993.2261904761904,144.29000055222284,70.1576192946661,330.3119056338356,54.48952375139509,219.78047543480284,51.25095240275065,666.1661929175967,105.92238071986607,45.09142830258324,64.89571416945685,125.58047703334263,89.77952321370442,155.6819036574591,69.14095306396484,75.54238056001209,103.92142813546317,33.67523810977028,37.95285706293015,79.74952407110305,98.10523841494606
2014-10-31,1937.2743503736413,141.40391142471978,65.94782621964164,308.4104348887568,54.48000003980554,222.01260774031928,48.89739160952361,645.0508661684783,105.8543472290039,44.89130451368249,65.09999996682872,128.2969549427862,86.97652103589928,159.39347773012906,70.26782657789147,74.23260896102242,95.60956540315047,32.55086948560632,37.36065209430197,77.27608722189198,98.82739125127378
2014-11-30,2044.5721050061677,157.8852643464741,71.43473735608552,318.6873715049342,59.612105319374486,258.63736765008224,55.8763158697831,656.2742181075247,111.59894762541118,52.6563162552683,68.23578965036492,138.3236846923828,90.58105308131168,172.16421107241982,73.77157873856395,71.96631622314453,95.76894699899773,38.62947323447779,39.125526227449114,82.70578886333264,107.44263257478413
2014-12-31,2054.2663629705257,162.424091685902,73.27090835571289,308.7868194580078,59.862272609363906,281.4686348655007,61.934090874411844,661.8772721724076,115.01499938964844,52.91590898687189,69.47863734852184,141.8227275501598,93.11636352539062,176.6813631924716,76.40818127718839,73.15181836214933,84.97500020807439,41.207726738669656,40.764772935347125,84.90590910478072,110.8640910061923
2015-01-31,2028.1785095214843,162.28050079345704,71.56149940490722,302.74750061035155,57.15949974060059,301.9919998168945,63.992499351501465,705.2150085449218,111.73150024414062,54.3375,68.09649963378907,141.3800018310547,93.8435001373291,173.87149963378906,77.56899948120117,71.74299983978271,81.43250007629395,42.54050006866455,41.49500026702881,82.19900016784668,107.25599975585938
2015-02-28,2082.1957943564967,166.80999916478208,75.43157918829667,375.74526335063734,59.47420983565481,304.4447390907689,66.28368457994964,674.5531551963404,113.01263186806126,59.82947379664371,70.01000053004215,148.3263148257607,102.39631572522615,175.49157875462583,79.3252635755037,69.73421076724404,85.89789500989411,43.922631113152754,45.76473677785773,82.32315665797184,101.44421065481086
2015-03-31,2079.9904396750712,165.30591028386897,76.62181854248047,375.3213611949574,60.862727425315164,266.0399988347834,65.36272811889648,668.4731805974787,112.58318224820223,62.4399998404763,69.27499944513494,150.20727053555575,105.9850002635609,171.66727378151634,80.40681769631125,69.94636396928267,82.61772814663973,44.53590895912864,47.314545371315695,82.51909117265181,99.38409111716531
2015-04-30,2094.862839471726,163.07190595354353,75.69571431477864,394.21285720098587,61.02095249720982,264.9214295886812,71.4509524390811,659.3280959356399,110.21190534319196,61.48190452938988,69.2576184953962,148.23904927571616,107.54761941092355,169.96428716750373,78.49285779680524,68.43666730608258,90.12190537225632,42.347142719087145,48.581666492280505,81.94428616478329,97.47809491838727
2015-05-31,2111.9435180664063,160.53399887084962,77.97300033569336,426.92750091552733,56.964999961853025,257.326001739502,71.59700012207031,629.8519958496094,107.86550025939941,63.22999954223633,68.00649948120117,144.31450119018555,110.05800018310546,174.00799942016602,75.28150062561035,69.51149978637696,91.76399955749511,40.14499988555908,50.55049991607666,81.4189998626709,100.74150009155274
2015-06-30,2099.2836581143465,157.74363431063566,80.30000062422319,432.59954833984375,53.66136360168457,249.55818245627663,70.82363579489969,609.0968211780895,105.11090954867277,63.58500029823997,66.32681863958186,139.01363511519,111.76227257468484,177.8531827059659,74.3595463145863,66.84545412930575,88.9609094099565,35.07045468417081,52.95318187366832,78.90136371959339,99.88818151300603
2015-07-31,2094.1436268199573,153.97090911865234,81.07181791825728,478.7090953480114,51.80136333812367,223.78863802823153,66.0527269190008,674.4090881347656,105.07636260986328,61.049544767899945,67.18318210948597,142.89500080455434,117.94409110329367,169.23818345503375,77.30409067327327,63.279545523903586,83.80590889670633,34.36909086054022,55.80090921575373,77.71636269309305,97.62454605102539
2015-08-31,2039.8662051246279,146.26904660179503,81.75238146100726,518.4647652762277,52.39952378045945,223.6723821730841,61.81904729207357,735.3090500604538,107.34666697184245,65.21476182483491,66.20952406383697,142.98000154041108,106.2009524390811,161.44761730375745,75.43000030517578,60.4466670808338,80.10904729933966,38.199524107433504,56.03666668846493,74.42714291527157,100.80523826962425
2015-09-30,1944.4023844401042,140.6376190185547,80.37190428234283,520.9557175409226,46.28666668846493,215.84476071312315,59.92857179187593,724.5042869931176,101.2442859468006,62.13619086855934,62.5004757472447,142.1785699753534,102.10047621954055,147.61857169015067,73.15238080705915,54.33904793148949,73.36381022135417,38.26428622291202,56.2499996366955,69.9499998546782,97.88571457635788
2015-10-31,2024.8127163973722,150.6045448996804,86.00590896606445,566.7431807084517,50.64636369185014,235.64590870250356,58.19090895219283,699.600907759233,109.2827280217951,66.2472731850364,66.73590920188211,152.98181845925072,108.5363620411266,153.63090931285512,68.2259091463956,58.2890905900435,75.43727319890803,41.73090934753418,60.54272721030495,71.68499998612837,103.375
2015-11-30,2080.61650390625,158.02250061035156,90.89649963378906,657.6954986572266,61.64050006866455,212.61150054931642,56.71300010681152,597.3724975585938,114.05699996948242,66.23850021362304,66.33149871826171,159.1050003051758,116.37599868774414,161.21699981689454,60.05099983215332,52.27049961090088,78.11349983215332,46.471999931335446,61.7144998550415,75.97700004577636,103.7814998626709
2015-12-31,2054.0795621004972,152.9581825949929,92.72090877186169,669.2622791637074,62.299546155062586,208.84590911865234,56.30636371265758,536.3390905206853,116.19227287986062,61.03409038890492,66.48227310180664,162.12818076393822,109.89227294921875,149.7604550448331,53.61727298389781,49.39045472578569,71.36999927867542,44.85909097844904,60.5254542610862,72.73499991677024,99.45454545454545
2016-01-31,1918.5978875411183,142.05210796155427,88.71947278474507,601.0615780479029,51.662105560302734,174.24157875462583,46.4147370990954,442.82210821854443,110.82526277240954,59.23842078761051,63.973684210526315,152.7578936125103,97.29052654065583,131.5221047652395,47.49842151842619,46.93999983135023,65.54473696256939,40.09789456819233,58.32473654496042,66.86368440326892,91.52263119346217
2016-02-29,1904.4184936523438,154.61749954223632,81.89449958801269,530.6199996948242,47.377999496459964,183.97949829101563,44.67500019073486,486.92850189208986,114.26849975585938,56.520999908447266,66.28449897766113,148.90599899291993,93.9870002746582,131.97700042724608,50.45799961090088,47.12999992370605,71.0180004119873,38.29100036621094,57.41499977111816,68.51450042724609,96.7135009765625
2016-03-31,2021.9540904651988,162.71818334406072,89.27545443448153,572.3740900213069,56.87545481595126,187.67363739013672,50.16045501015403,493.8195440118963,119.11045386574484,58.66090895912864,68.96363761208274,152.98545282537287,98.21136405251242,152.09000119295987,56.0600001595237,51.774091026999734,73.81681893088601,43.40727268565785,58.89363653009588,72.4836356423118,102.50545467029919
2016-04-30,2075.5352318173364,167.7452378045945,94.93285769507999,613.5942876906622,58.66095206851051,172.17047337123327,52.83761941818964,448.7571454729353,119.50904700869606,60.4009522937593,70.60809580485027,152.61666724795387,100.53476170131138,165.21666753859748,52.79904774257115,51.43333344232468,76.86142839704242,45.53619057791574,59.602381206694105,75.36666615804036,105.20999944777716
2016-05-31,2065.5504789806546,168.2047635033017,96.47238122849237,697.4738071986607,58.54571406046549,153.62238130115327,51.846666608537944,447.74761962890625,124.1952380225772,61.03190449305943,71.2480948311942,146.5414276123047,101.62380945114862,162.0942840576172,42.5028570265997,52.77904782976423,75.3019049508231,42.277618771507626,55.71142850603376,75.30904715401786,102.30809565952846
2016-06-30,2083.891368519176,169.91363594748756,96.7154541015625,716.3904529918324,56.47045464949174,159.98454562100497,49.496818195689805,408.79727311567825,125.96772800792347,59.87409071488814,71.73408993807706,154.96590770374644,97.95954478870739,159.30772746693003,38.18272746693004,53.82363614169034,77.7481803894043,40.684090701016515,55.3372728174383,72.80090921575373,104.70818190141158
2016-07-31,2148.9019775390625,178.6684997558594,97.12750015258788,741.4674987792969,57.01499996185303,172.53200149536133,54.87649974822998,414.5114974975586,128.68200035095214,57.94100017547608,74.01650009155273,165.15449981689454,98.3915008544922,158.57649917602538,41.025,56.73099975585937,79.4574981689453,40.08099994659424,57.31499977111817,72.88749961853027,109.7
2016-08-31,2177.482167119565,179.30739228621772,100.10260839047639,764.8391272503396,62.54739164269489,185.31956548276156,58.69478275464929,402.888695758322,126.2478256225586,57.84478245610776,74.61608654519786,166.75913006326428,96.04434801184613,164.94651993461278,48.68130459992782,62.21217379362687,81.21434750764266,36.73608696979025,56.042608675749406,69.11956554910411,109.37217380689538
2016-09-30,2157.690964471726,177.6557144891648,103.66285705566406,788.9652332124256,69.19666653587704,164.2171412876674,56.13952346075149,416.91333443777904,125.87904684884208,54.844761984688894,73.07714226132347,152.5519045875186,92.93095179966518,167.2923801967076,50.82809502737863,63.172857375372026,77.28428649902344,37.433809734526136,54.46809514363607,67.26190367199126,108.59666697184245
2016-10-31,2143.0209379650296,169.67809477306548,108.36666615804036,824.4390549432663,71.1019047328404,158.1980954124814,51.40857133411226,406.2295227050781,124.59523736862909,50.5495236714681,71.98476191929409,150.0904744466146,92.38999975295295,172.59666588192894,53.43619083222889,67.17571331205822,80.73714301699684,40.42619087582543,53.33999978928339,65.90333339146206,108.34285736083984
2016-11-30,2164.9856887090773,171.18476359049478,105.33999960763114,763.3352399553571,73.65904780796596,167.4761919294085,54.271904536655974,393.13428170340404,125.98523857480004,53.976190839494976,67.83095187232608,149.00523739769346,96.6066665649414,183.798095703125,55.58285667782738,67.31999824160621,80.13190460205078,44.503333318801154,55.19190470377604,70.22571472894577,112.66047595796131
2016-12-31,2246.6290457589284,176.88619123186385,103.87476203555153,763.3252418154761,76.12666684105282,171.22381010509673,62.645714532761346,383.97333344959077,131.9357150849842,56.02666618710472,65.88000052315849,158.86523946126303,103.50904773530506,194.1604766845703,53.96714292253767,67.0490471976144,85.01714288620721,49.57047598702567,57.66571408226376,76.42238071986607,117.02571432931083
2017-01-31,2275.1159790039064,177.37750091552735,109.75349998474121,807.5050018310546,80.22050056457519,159.41000061035157,66.63199958801269,407.00350189208984,131.4115020751953,56.44900016784668,66.553999710083,162.66499938964844,108.23650093078614,189.14350051879882,44.90800018310547,61.55400047302246,85.34250030517578,50.963500022888184,57.37949981689453,73.08250007629394,114.93599929809571
2017-02-28,2329.9105417351975,180.91842089201273,117.23421036569695,835.7452681692023,84.88157934891551,160.86842024953742,66.6573691117136,417.18420892012745,134.2131572522615,56.794210735120274,69.18210521497224,172.5326321250514,109.99789549175061,191.0673699629934,44.92894684640985,55.072105407714844,81.34684231406764,55.60631581356651,56.24000027305201,69.72315738075658,106.67578928094161
2017-03-31,2366.822170091712,190.8308682649032,124.09347899063773,854.2400008491848,85.7034792692765,150.37826140030572,62.12130422177522,413.9291288956352,137.42260874872622,58.97608698969302,73.66913073995839,167.78956404976222,111.81782531738281,192.59521617060122,44.22782599407694,57.38260866248089,79.00260726265286,54.718261387037195,56.18652161307957,70.0,106.46391395900561
2017-04-30,2359.309454666941,191.50158048930922,130.93052673339844,903.3857903731497,87.03315855327405,141.15789634303042,57.50526327835886,464.96473934775906,137.28368337530839,58.602631418328535,73.51947423031456,171.05473648874383,113.8652632863898,190.04736809981497,46.36263134605006,54.193684226588196,76.78789439954255,55.01578983507658,59.10473713121916,70.40578942549855,106.02842069927014
2017-05-31,2395.345880681818,198.03272732821378,137.44772685657847,961.7195462313565,101.14090936834162,143.16590950705788,61.51000005548651,481.7659065940163,138.79863600297406,64.38227254694158,73.13954544067383,174.61954428932884,109.46545444835316,191.55454392866656,44.40545428882945,56.11545476046476,71.31136287342419,58.496363553133875,61.1140910061923,70.85181877829812,105.42090918801047
2017-06-30,2433.98545143821,209.33409049294212,141.56000102650034,990.4440890225497,107.04545454545455,135.54999819668856,61.81136356700551,445.3713670210405,145.69681757146662,66.94454539905895,75.97772736982866,171.0754526311701,105.77227332375266,209.64772588556463,45.83636405251243,57.05954586375844,67.57863582264294,60.60909063165838,60.99454550309615,73.13954440030184,109.10636346990412
2017-07-31,2454.102502441406,207.97850036621094,145.77950057983398,1008.4839965820313,107.6685001373291,135.22750015258788,64.96449928283691,378.4094985961914,145.64150009155273,68.60200004577636,72.72599906921387,153.28450088500978,106.15049896240234,214.45349807739257,47.45100021362305,54.81400032043457,66.61199951171875,60.81950016021729,57.79349994659424,79.42950096130372,111.1330005645752
2017-08-31,2456.2230702275815,205.1343470034392,149.61434803838316,971.4365234375,109.9356520279594,149.17173899774966,64.79956568842348,322.4165211553159,146.12478239639947,70.26217286483102,71.43086972443953,156.80913112474525,103.53695612368377,208.18260922639266,45.41608727496603,52.56434780618419,64.66347818789275,53.810000212296195,54.12565264494523,83.25695701267408,113.0065221371858
2017-09-30,2492.8410400390626,208.99649887084962,152.2654998779297,968.9924987792969,113.40000038146972,153.41750106811523,70.4989990234375,311.80650024414064,142.12250213623048,71.82449989318847,72.15499992370606,161.24949951171874,98.81199913024902,216.795499420166,46.5870002746582,51.361999702453616,67.28500022888184,54.0834997177124,54.51100025177002,85.36349906921387,117.01549949645997
2017-10-31,2556.9972700639205,221.8209096735174,160.4431818181818,1000.7199956720525,118.8004545731978,171.9681826504794,75.4927267594771,306.1122741699219,149.88045501708984,74.09136373346502,72.84818163785067,160.60863702947444,98.82045468417081,223.95227328213778,42.37681857022372,52.919090791182086,66.04318185286088,57.669545433738016,54.835454420609906,93.76454613425516,118.84090874411844
2017-11-30,2593.605736142113,231.60523768833704,181.86809648786272,1139.8080996558779,124.21095166887555,175.72142828078498,71.11523909795852,281.3952375139509,150.12142871675036,73.4952378045945,72.07714298793248,170.80047534760973,102.52095213390533,220.29047648111978,40.55714234851656,64.85142789568219,63.48904764084589,54.938571384974885,56.784761882963636,95.97857157389323,114.72523752848308
2017-12-31,2664.34052734375,237.64099884033203,174.47500076293946,1168.8414916992188,106.18100013732911,189.03999938964844,67.02000045776367,307.21300354003904,148.12249984741212,71.52949943542481,74.19149932861328,187.79350051879882,108.15800018310547,242.68150024414064,46.49000015258789,64.72150001525878,64.79549980163574,64.12749938964843,58.328499984741214,103.29549942016601,119.0165008544922
2018-01-31,2789.8038155691966,245.56285821823846,192.40047418503534,1309.0109456380208,113.86333392915272,189.63095238095238,70.48381042480469,324.3019031343006,148.5661882672991,75.59047662644159,75.56095195951916,192.13238089425224,110.93142918178013,268.0519074939546,50.031905038016184,67.00523739769345,75.7933335077195,63.60809525989351,59.554762159075054,113.26809474400112,130.51476215180895
2018-02-28,2705.1552477384867,234.96105314555922,198.95052699038857,1442.3631463301808,112.07526277240954,182.68421052631578,64.23473659314607,296.3342116506476,145.99842191997328,79.00210571289062,70.34052678158409,187.0757887990851,105.49684183221115,246.52631498637953,49.797894728811166,64.7231579830772,67.67368477269223,57.80052646837736,55.75947370027241,108.74947397332443,108.58000022486637
2018-03-31,2702.7738211495534,230.23999968029204,218.21761866978235,1540.3676292782739,130.65142858596076,179.36428542364212,61.28857131231399,322.31857009161087,140.0180947440011,82.52142806280227,69.83285704113189,186.62999979654947,102.28333391462054,243.27047584170387,49.401428767613005,59.52809524536133,65.8538088117327,58.53523781186058,57.91857147216797,111.87714276994977,106.99476260230655
2018-04-30,2653.6252092633927,211.9452376592727,222.92000107538132,1468.220470610119,128.35142807733445,213.72619047619048,61.53095245361328,340.52332996186755,135.79142688569567,80.99190557570685,69.76761917840867,190.2847631545294,100.42904735746838,244.39952305385046,48.47190439133417,53.24047597249349,67.50809496924991,54.67666680472238,58.65333375476656,108.28952389671689,108.28142838251023
2018-05-31,2701.4936190518465,199.88000002774325,237.44272752241656,1594.9036365855825,133.48772846568716,237.10909271240234,65.46818161010742,428.8718192360618,133.56318109685725,76.8245454268022,62.83272743225098,196.8531820123846,101.85090949318625,247.93999966708097,48.77727283130992,55.652727127075195,70.8490912697532,51.972272872924805,57.2622729214755,117.81090927124023,114.30318104137073
2018-06-30,2754.3528878348216,200.69285728817894,249.23904782249815,1698.8238118489583,135.54000091552734,280.4190455845424,73.36761910574776,455.86095174153644,129.2528577532087,78.18047550746373,63.76047624860491,205.51666768391928,104.53714243570964,250.79666864304315,51.552381243024556,58.568095252627415,67.52238101050968,51.34952363513765,54.32714280628023,122.63238125755673,114.28285616920108
2018-07-31,2793.643357049851,201.52333359491257,252.83237929571243,1784.6490420386904,133.90904889787947,308.71904936290923,76.11476135253906,453.45047578357514,133.37476167224702,81.67380886986142,65.6999994913737,215.06571379162017,109.42476145426433,234.855714343843,52.71000017438616,59.087618873232884,66.97618902297248,53.74381001790365,50.72571418398903,119.30333346412296,111.72190493629093
2018-08-31,2857.8204292629075,205.67999997346297,255.4821724269701,1897.8513077445652,139.28521894372028,288.03260736880094,74.87217413860819,492.6421760890795,135.783911663553,76.56739143703295,66.6730432925017,225.3226086160411,112.92869601042375,245.35130575428838,56.43304377016814,66.31521739130434,64.79565263831097,59.63391345480214,52.63826071697733,116.7713042549465,121.09391386612602
2018-09-30,2901.5005139802633,211.36368600945724,266.221580103824,1966.0779001336348,151.61684136641654,305.6894788240132,78.14473603901111,479.7521041067023,136.7242102372019,76.43368369654605,67.52842150236431,236.46052631578948,111.41631598221629,246.24052509508635,63.27684221769634,72.63315742894223,61.01105238261976,62.34000015258789,55.530526412160775,110.67473722759046,120.18157838520251
2018-10-31,2785.4647800611415,200.48999885890794,252.00086975097656,1782.0582646908967,138.1317380822223,279.3513077445652,69.94565283733866,438.08391139818275,128.6560871290124,72.8182608562967,63.379129990287446,226.81217293117356,115.2521743774414,223.72043443762738,61.101304427437164,66.71695626300314,58.21000007961107,56.80608716218368,57.34130444733993,101.87521760360055,113.98652118185292
2018-11-30,2723.231422061012,200.30333310081846,238.4490472702753,1625.4838227771577,135.1961898803711,297.9400009881882,65.53238096691314,475.9128577822731,130.9690468197777,69.54666718982514,62.02904819306873,230.11333356584822,115.50047629220145,225.4366658528646,58.83380962553478,57.6495239621117,48.65523874192011,52.495714460100444,66.51476306007022,96.75238109770275,109.99000004359654
2018-12-31,2567.3073858963817,194.19263177168997,231.8447370027241,1559.4431537828948,131.21210640355162,259.79578921669406,61.724210237201895,442.21578818873354,127.99789308246814,65.62315790276779,62.168947320235404,211.6184226588199,109.82684245862458,181.35578757838198,48.0700000963713,56.847368340743216,39.365263286389805,49.3489472238641,64.60947378058182,91.61105226215564,99.909473619963
2019-01-31,2510.030029296875,190.9499969482422,224.57000732421875,1539.1300048828125,128.96000671386722,235.02999877929688,62.97000122070313,443.3599853515625,127.29000091552734,63.09000015258789,59.25,204.75999450683597,108.97000122070312,163.19000244140625,47.47999954223633,57.4000015258789,37.20000076293945,47.13999938964844,64.31999969482422,91.83999633789062,97.20999908447266
