Date,^GSPC,ABT,CC,FNMA,PG,KMB,KR,NUE,PM,PBI,WBA,WFC
1999-01-31,-0.116887943139951,-0.1587140946650908,,0.48045075996034076,-0.2921948017843837,-0.2886957214078415,-0.0467798015726751,-0.3732369332070787,,0.5580982963725363,-0.2644123965693113,-0.3131752165629644
1999-02-28,-0.11791044240340016,-0.16539633255285824,,0.4764204144661921,-0.2814100149406111,-0.3236722982047514,-0.014089371142135841,-0.37731616188184114,,0.5971750571210266,-0.22784382965514383,-0.33542105953332696
1999-03-31,-0.1015505145009641,-0.14523786771395908,,0.462476678007753,-0.24369054873683094,-0.3141355519219263,-0.006219490906601804,-0.3861184381827987,,0.5429400508242982,-0.24801681022740213,-0.30986372584921984
1999-04-30,-0.07679142159225849,-0.12832548951879302,,0.4588009290326878,-0.21722705376143495,-0.2577959704732205,-0.051655463254139146,-0.34752252211567447,,0.5827551461259705,-0.2864545310880125,-0.27885430144823653
1999-05-31,-0.07804243969670847,-0.15498680408968335,,0.45181769864632837,-0.24809117169036682,-0.18648754178220694,-0.07971932454277943,-0.34184455692878424,,0.6062590657498194,-0.3090531536443109,-0.26949899407423195
1999-06-30,-0.08248255983872071,-0.17875842632092995,,0.41059781143835467,-0.2802415271844325,-0.21752275236848942,-0.06203806752438806,-0.3737915839793303,,0.5597236560350513,-0.2988475449030151,-0.2743584149176979
1999-07-31,-0.05523112157644604,-0.18885542325369298,,0.4560394995262947,-0.28879871010096964,-0.22493336619498588,-0.048736392404995735,-0.3659121745338575,,0.5994640937258632,-0.2619305618217772,-0.2609995350088902
1999-08-31,-0.08018076018711416,-0.19139322176574625,,0.4016171309501242,-0.2321332502632613,-0.20167448066750993,-0.11043103285166546,-0.3659819939271347,,0.4669394644022879,-0.3097307896371937,-0.28566889299683756
1999-09-30,-0.08452550147315466,-0.19104957087873886,,0.37478974674203586,-0.19926460762699857,-0.24187960987393695,-0.11802139755966551,-0.3719869466058733,,0.5044894669334299,-0.3233695585098193,-0.2965615078343651
1999-10-31,-0.09299505801657065,-0.22415262200939481,,0.3979432710648704,-0.2120816820945384,-0.23866512668347026,-0.15412343556157213,-0.3769843666510697,,0.3937260954524026,-0.31936827931374934,-0.26209147940270144
1999-11-30,-0.050561764528664024,-0.2298764956711608,,0.449029716933143,-0.12997592024777607,-0.14357266448975944,-0.13991442892824146,-0.36020540884724034,,0.28136447680964644,-0.277720556068634,-0.22171904884232832
1999-12-31,-0.03298961988391825,-0.24076567192616297,,0.3862409893804353,-0.11758156903603952,-0.14968352115465042,-0.21358877223474831,-0.3462696518918666,,0.23978693545979501,-0.2465977029669446,-0.26068161016695746
2000-01-31,-0.03443460541921923,-0.26852693152704454,,0.3328638122170866,-0.1278459217964797,-0.15076935857949741,-0.20763901900399412,-0.3522383372746528,,0.26716913610956367,-0.2591791445681356,-0.30525869737101863
2000-02-29,-0.05155429152897102,-0.2631429183258864,,0.287995893179557,-0.2505004572073663,-0.22481087071954714,-0.2311225147102284,-0.36573457145220856,,0.3078517911353892,-0.2713314167071674,-0.3230765737970605
2000-03-31,-0.026680782207032492,-0.2690756782349123,,0.2955775872181381,-0.48739131302112526,-0.2873504681273063,-0.2365274618151098,-0.3657146058883883,,0.265369370827443,-0.30198216937075106,-0.31971239705333065
2000-04-30,-0.017753859619222635,-0.2259187427727521,,0.3604403751976814,-0.4707970200142711,-0.21346503837933142,-0.18921328800588105,-0.3724941834772809,,0.2040521380293652,-0.2787854126288784,-0.27285870349644215
2000-05-31,-0.037748373200368876,-0.21492125868219897,,0.3341310766321709,-0.478852715499256,-0.20055735628814422,-0.18033653568683503,-0.3929133703131285,,0.16466271453142403,-0.274514252431314,-0.2597519818316857
2000-06-30,-0.017472270143311812,-0.202058807494661,,0.32498142755526255,-0.5268171874997614,-0.22278813143752077,-0.18446489407525432,-0.41122568805611903,,0.16919328293202737,-0.25970893270802575,-0.26555511628823053
2000-07-31,-0.012322325177685537,-0.19545456851988002,,0.2701156371256616,-0.5297707193318959,-0.22046897993639178,-0.153617964102033,-0.41287618942177867,,0.11491429967541174,-0.22080235950453872,-0.2647888771755217
2000-08-31,-0.006513747631184071,-0.20049888267691895,,0.28974302838648647,-0.5034902498420073,-0.2087262894253303,-0.15465956286426807,-0.4060426099805505,,0.08898574013802817,-0.1970959026462803,-0.24661531686468022
2000-09-30,-0.014629988451409356,-0.17121397672770566,,0.37850307286193086,-0.4855213921472045,-0.2542210346617302,-0.14201143791325116,-0.41970830796809316,,0.12005048487242216,-0.1430775111208796,-0.23281740934496742
2000-10-31,-0.050962233626404924,-0.133956126852442,,0.4965436840693686,-0.4079513586525679,-0.20089994463780123,-0.15726690022599066,-0.43022019945425577,,-0.02226946228326405,-0.09682988132782874,-0.24400464124329452
2000-11-30,-0.05800694296997753,-0.10822039264516657,,0.5482995673937365,-0.4133769655494798,-0.13130769995088834,-0.10600169406319246,-0.4176784060799376,,-0.022593074311878566,-0.05188491628184632,-0.23024801991831353
2000-12-31,-0.07857616800147271,-0.13350082465294227,,0.6261594884441858,-0.40267482425583334,-0.11773691613482215,-0.09535996371756504,-0.40198960052502836,,0.005121984424465069,-0.09239033885324498,-0.17507974282179775
2001-01-31,-0.07637992896231682,-0.17746110282817215,,0.5514419329059741,-0.4159116430189271,-0.14398336449476548,-0.12075845617507637,-0.3991296037648763,,0.06172851056351362,-0.11831647849904892,-0.18250348945943623
2001-02-28,-0.09031755328648028,-0.14742519151484576,,0.5839860155943756,-0.39781398505486937,-0.10644086174656679,-0.1134739742951734,-0.3862937658459615,,0.07855471191348454,-0.0614430659780567,-0.18888553627680665
2001-03-31,-0.14623204787080854,-0.16171898587973818,,0.5576940928462888,-0.4638290820674274,-0.10433511932655722,-0.11930485078248018,-0.385433678385671,,0.07617331794994246,-0.06812439838995982,-0.20473150466845022
2001-04-30,-0.14437276810316624,-0.16316649889888468,,0.5648907950548554,-0.5140169132286043,-0.15948852810949438,-0.1398316653444278,-0.37794412656589543,,0.09141600036725989,-0.0893744092437265,-0.21501037404363618
2001-05-31,-0.10681791644546737,-0.1313626958833595,,0.5694705186923308,-0.4681936699762977,-0.2034046779452356,-0.11562026601093019,-0.3583430542081078,,0.1512586985499977,-0.0828631867799329,-0.22195836682669887
2001-06-30,-0.12158128024103984,-0.12268461465333946,,0.6282988858326697,-0.47940645834974094,-0.21496409949371578,-0.10536636609235261,-0.35835748355412,,0.16128671424226732,-0.10405816092025677,-0.23001546693161098
2001-07-31,-0.13755841409828998,-0.12915640327576208,,0.6336971214751324,-0.4445254734088842,-0.22828142095856319,-0.10568918313472961,-0.3663158097926727,,0.18424722770278093,-0.1999718309740464,-0.22668651069000265
2001-08-31,-0.14965779469828053,-0.11557341181074224,,0.6093226650084331,-0.40410981584192746,-0.17899512853964586,-0.08901121007350565,-0.3677699898027034,,0.19731790529047447,-0.160393168410037,-0.22198717049318348
2001-09-30,-0.2120815846215301,-0.13509548882296832,,0.5513141893056206,-0.4067571494567091,-0.18658279208979403,-0.10059694757726652,-0.3964587945321702,,0.17050036649800723,-0.192695528053932,-0.246273988805621
2001-10-31,-0.19718378763534897,-0.1090546653567459,,0.591789887849508,-0.4134921679853149,-0.222079220624331,-0.11136158345615403,-0.39492627146214937,,0.11198338002634314,-0.1799907991437985,-0.2748525801920007
2001-11-30,-0.17242462648632922,-0.10389886804674676,,0.6036527765702739,-0.3712887513897237,-0.23126744653457357,-0.11142429906505551,-0.3776192578756076,,0.14589705246589424,-0.19540779704981429,-0.26508989716230763
2001-12-31,-0.16531454170091342,-0.09128613247396283,,0.5655569429901729,-0.3608077727141075,-0.21269486971602944,-0.15279130778358263,-0.3577407690772645,,0.14308297845773874,-0.20310160490355939,-0.25477863994219563
2002-01-31,-0.16751676364773427,-0.08156051321687076,,0.5846881308111064,-0.3623367348389253,-0.21221774660132842,-0.17001176496375936,-0.3513975750300633,,0.14779556809019198,-0.16558663618911135,-0.23731083632295
2002-02-28,-0.185955100810282,-0.08004920797175724,,0.5616790475726974,-0.3218890865502937,-0.1876416996492612,-0.164313522420211,-0.33647152749483045,,0.1617700120419378,-0.12858846522235848,-0.22658735218860054
2002-03-31,-0.16118233637055931,-0.09921941857719674,,0.5807295215502485,-0.2955049379291995,-0.1589799523382824,-0.1446131041656305,-0.3280611502879368,,0.1966050660011249,-0.10578223321221603,-0.19465771707568777
2002-04-30,-0.18065490455050168,-0.10324652372357122,,0.5942994421221757,-0.2740384438132419,-0.14717549566135935,-0.1436086923027656,-0.32025424798656765,,0.20330291569239467,-0.11378639001933451,-0.18905515614980747
2002-05-31,-0.1959354789478024,-0.13646942786592092,,0.5775269542011642,-0.2630508598962798,-0.1397065481232217,-0.14014701974659527,-0.32073320880072387,,0.18376785018984285,-0.12742781497921965,-0.1685019229001637
2002-06-30,-0.2263496139974686,-0.21383935973036125,,0.5441749882573395,-0.2640197071998459,-0.15622735745031296,-0.17226323019896084,-0.3043937936318279,,0.174026195565632,-0.13082043095073828,-0.18402772383617982
2002-07-31,-0.27786234691454104,-0.24838410928754895,,0.4814068046613817,-0.31567727904158593,-0.21408618064640858,-0.18590930855842336,-0.3295239357277972,,0.12462266166251648,-0.17231442279684742,-0.20817958136339762
2002-08-31,-0.27368079204046813,-0.21208696735849314,,0.5229108981905705,-0.2742331346322547,-0.2027373844905233,-0.1839490005867511,-0.35796184153887506,,0.10873423035859445,-0.16379838831938898,-0.1770477353610847
2002-09-30,-0.29454481785402303,-0.21568644953673416,,0.4540198366435619,-0.27149191517725435,-0.21333975715307027,-0.22939528298765421,-0.3748492894679313,,0.048040144701741595,-0.18764788667784832,-0.19584268302443414
2002-10-31,-0.3006914600028027,-0.19495852316588796,,0.4267284595987642,-0.27685044797099323,-0.25788232343933476,-0.2627095110071899,-0.39516624913151494,,0.033971736985246845,-0.1925802942419908,-0.2035778345509904
2002-11-30,-0.27490505105495083,-0.18003074205987848,,0.40471344754222977,-0.30095235301681883,-0.2955558221506666,-0.2528048596082149,-0.37738501442315225,,0.056697419402303294,-0.22946977632773863,-0.21405844121015913
2002-12-31,-0.27991743796867913,-0.21122144488945827,,0.4109191495576941,-0.30103727316306383,-0.3273448580224176,-0.2466631341433638,-0.383867472410205,,0.053435055306995494,-0.25525660174384684,-0.2230175791119146
2003-01-31,-0.2814761140407379,-0.22236010191327704,,0.43406984320093084,-0.3070151819136728,-0.3418605766797247,-0.2370542392503667,-0.39224393676338337,,0.05030443038588304,-0.22524958388671582,-0.2119918962585336
2003-02-28,-0.3086249450848734,-0.24508768534185532,,0.3914435051731369,-0.32257357080683224,-0.3491162063265231,-0.2652410746873806,-0.3977061751122805,,0.02563299561706641,-0.2676954839194149,-0.2287793143639775
2003-03-31,-0.30442676172218514,-0.2385815495459316,,0.39329698276891156,-0.315540737490628,-0.35635632873913553,-0.27402684584307246,-0.3998387371630308,,0.018192252793633585,-0.25125704389571735,-0.230860691348747
2003-04-30,-0.2841857523475763,-0.21425128116266778,,0.47022049123934145,-0.27621340913193876,-0.3260615600742864,-0.265894658427677,-0.3978743293800348,,0.05555055596965223,-0.23031615162127,-0.21566081883027077
2003-05-31,-0.26276358157057356,-0.1913901397905207,,0.49662826854737124,-0.2753345258363237,-0.2964908358774881,-0.25030338536823443,-0.3837258163064505,,0.08939077149905457,-0.21899210860413826,-0.20963565113238336
2003-06-30,-0.2384989739479015,-0.17224570076322498,,0.4702431669276617,-0.2662935005664935,-0.27344144493419964,-0.23289198866142213,-0.3636533625540167,,0.12930627249867,-0.21856529703414654,-0.18042112386174852
2003-07-31,-0.23637916108891383,-0.1957723752990847,,0.43456059140460385,-0.28293045612609097,-0.29143527757695725,-0.22295840443538809,-0.3660243507522807,,0.12252195435937042,-0.24100125149388946,-0.17414053195841633
2003-08-31,-0.23778236820727466,-0.21781153083321764,,0.37892622748160587,-0.2902459024676111,-0.3075311724784245,-0.20597471824442076,-0.3614807376165103,,0.13193320917880005,-0.23295957746616555,-0.18824062504904993
2003-09-30,-0.22383424405842706,-0.1902033953048549,,0.45000400227752174,-0.2613057303517567,-0.2912977283974653,-0.19776697864285536,-0.36870347426869177,,0.14427748931169068,-0.21747075477170122,-0.17921702878393525
2003-10-31,-0.2148374713339231,-0.19486793205642228,,0.4946304336992356,-0.22931228436524037,-0.28204587974147105,-0.2030207114342499,-0.3609041706886231,,0.17442240333857034,-0.19828107510801724,-0.14238296496753733
2003-11-30,-0.209631008532141,-0.18678794963918643,,0.462565428335296,-0.22450732696841202,-0.2656967268059433,-0.20506411464870963,-0.3464616305238625,,0.1646392150449638,-0.1577063682037465,-0.12449393206696596
2003-12-31,-0.19529723140413852,-0.16505912434200803,,0.47999557867872716,-0.2140704739719338,-0.22439112631528388,-0.20930183466228253,-0.34632667205737844,,0.14793751611075354,-0.15338331942910355,-0.11378343154840993
2004-01-31,-0.17110295078721752,-0.17666910864996224,,0.5237268122760054,-0.2013685516475038,-0.21857231108097672,-0.19737479452370504,-0.3434134789758805,,0.16483192235824398,-0.17602508245499215,-0.11506665812828838
2004-02-29,-0.16604840993687206,-0.18100142100803446,,0.5578975655572332,-0.1765398745727186,-0.18231588116224817,-0.1917867693227315,-0.32580988701192415,,0.1709685726328818,-0.17361583459844762,-0.1151989567208108
2004-03-31,-0.17508511762392726,-0.20117763132778957,,0.532380181965606,-0.16832869391561261,-0.17044670576210863,-0.21602707446938008,-0.32445581687889,,0.18959173705426824,-0.18765260976648016,-0.11279006930462641
2004-04-30,-0.17084130151780097,-0.18723079935719114,,0.4895590114311279,-0.15223127727183594,-0.15049970907889057,-0.21921699776815085,-0.3133979827440505,,0.21312028785473844,-0.1963439989358069,-0.1252643539996562
2004-05-31,-0.18496993607112475,-0.1812640045245883,,0.44761416278048743,-0.14474109411659444,-0.14858300865963386,-0.2247003838857745,-0.32261695826539377,,0.2177030973535058,-0.18118595773561844,-0.11725314200586047
2004-06-30,-0.170991190012399,-0.17350920993428884,,0.4626867606567565,-0.11871868255690754,-0.1369177497295082,-0.21616742822427715,-0.28922774890532454,,0.22542582614913634,-0.16725254648443988,-0.10575809839878006
2004-07-31,-0.18354054146864307,-0.19440781752075295,,0.47747668557189427,-0.13347801441512533,-0.14148169480937378,-0.22440950996683684,-0.26403520501045546,,0.20321697116185097,-0.14905146503552255,-0.11540970390991845
2004-08-31,-0.19142707002914902,-0.1895381873702647,,0.4930318311867922,-0.12558220851422494,-0.14825746230247816,-0.23730337240755514,-0.2509531480596699,,0.19876125247370657,-0.15045265455353068,-0.11186332723427307
2004-09-30,-0.1780333171152705,-0.16941839608036088,,0.5002875204758165,-0.11198426759692,-0.13198430338499245,-0.2340527476558501,-0.230254566788264,,0.2198464870554914,-0.14349614083918863,-0.09812274646588055
2004-10-31,-0.1778412357169502,-0.17722886476704017,,0.4415016390664571,-0.14605683353497306,-0.16868056796817682,-0.2483321540734155,-0.22430161063199922,,0.22095460828014482,-0.1568784905798658,-0.09247060561102186
2004-11-30,-0.15411891330424854,-0.15998465408609835,,0.4557194512225166,-0.14156969634042857,-0.17106740289486194,-0.2346709042286818,-0.18560397954137944,,0.22371328080892694,-0.12338820765141688,-0.07174137221702634
2004-12-31,-0.1400020069439235,-0.14650293024267902,,0.4700575154017039,-0.10995747494310144,-0.14814307780816374,-0.22280105448917936,-0.16762858685613305,,0.24605668713701848,-0.1168616205488253,-0.0644691803422361
2005-01-31,-0.14830352136130123,-0.13734265541304583,,0.4378837322386916,-0.11046013050291716,-0.15099480560846895,-0.22336620202474045,-0.17341424068949973,,0.23203966411553142,-0.07232328052318808,-0.07750471619770831
2005-02-28,-0.13980740508158485,-0.13984250984248034,,0.362794404175406,-0.1515089192648105,-0.12942191840710593,-0.214113052143608,-0.12433466212005974,,0.26103569487903244,-0.05555404256502543,-0.08394256910984939
2005-03-31,-0.14201276538441446,-0.14250852276116258,,0.3026299256153187,-0.14970250242359034,-0.13958739033869913,-0.23135034362685977,-0.10632809068284577,,0.24858641288393096,-0.03199038201564167,-0.09315357177401601
2005-04-30,-0.15622209605011328,-0.1225433475922563,,0.2732781860316788,-0.13052615030689485,-0.14991049775506113,-0.24009693958001532,-0.15720796730167086,,0.2293236198766505,-0.0504392965067736,-0.09443020383826153
2005-05-31,-0.1497642180021253,-0.11395794730248415,,0.3001107813617915,-0.11130193060462418,-0.16005203348156355,-0.22892891973915266,-0.1715134915631491,,0.24169888815946655,-0.02805277920523842,-0.08445750750721974
2005-06-30,-0.1385826538286642,-0.11371842323937402,,0.3313572938907196,-0.12808839437141514,-0.15140805382456862,-0.20966242776797075,-0.17651706192813,,0.21371028112857676,-0.014728323500995687,-0.07562021727192084
2005-07-31,-0.1292634613594424,-0.12664924961595247,,0.3275718540079587,-0.12934502921995944,-0.16849606448458582,-0.18546807745057917,-0.17215265336959967,,0.21623851618566356,0.0006590203072869981,-0.07226904684124401
2005-08-31,-0.128315399559245,-0.13842016837817417,,0.25269891302006403,-0.1258219982971826,-0.16955310916003735,-0.18298438303847522,-0.1384538983475155,,0.2203124440375232,0.0062432176391679145,-0.08677556218131105
2005-09-30,-0.1275483814928114,-0.15688493740185827,,0.1929389915668381,-0.09590474913802832,-0.18390035654873388,-0.1746548048716022,-0.12077682736059402,,0.20399963552123454,-0.039280463501811004,-0.09668728543841393
2005-10-31,-0.1433807366288984,-0.16620448572490742,,0.16168244161699324,-0.10296550016538036,-0.2229634815138025,-0.18014266577104895,-0.13736591858873662,,0.18319336160583224,-0.03642362990241397,-0.0995204384601945
2005-11-30,-0.12220705806463686,-0.18164188730596312,,0.20062001472559435,-0.09507408219936622,-0.21277700604158734,-0.18668824810656917,-0.08286768911803714,,0.17598671453753123,-0.003318852758405058,-0.07067893983385859
2005-12-31,-0.11068698304502952,-0.19569256968822796,,0.20005356980818398,-0.07077679839003032,-0.20429327011760814,-0.18938066305222456,-0.05933234715490196,,0.19029926097540634,-0.017100463311000513,-0.05726868327819263
2006-01-31,-0.10292220467542253,-0.17863454749890423,,0.27561874047980284,-0.06125035023584749,-0.19953484451339099,-0.19609829893115674,-0.012221049242675046,,0.21689758252214503,-0.049605310519850634,-0.061763005937772654
2006-02-28,-0.10389088892930376,-0.16238200445722625,,0.2895939448283021,-0.036613285536594285,-0.2168757746669134,-0.18531131024879743,0.05496276759581392,,0.2040542747783426,-0.03291862563501826,-0.06224732722154252
2006-03-31,-0.09592142826822367,-0.15741586201955654,,0.27058337219629996,-0.048833206588676556,-0.20743063058531522,-0.17214156830728786,0.1509575682979463,,0.19211051961734713,-0.0321223770700854,-0.04438666423976017
2006-04-30,-0.09198998106173578,-0.1742693200464174,,0.2549470553509795,-0.08660141886317022,-0.21974013166905343,-0.17986069368534885,0.25176173289442744,,0.20270104289958554,-0.05834637989899599,-0.038302710230542936
2006-05-31,-0.09765673722007277,-0.17165290270124248,,0.2317388159683115,-0.11013446021336339,-0.19473460787787705,-0.17677651910166012,0.2535606288280515,,0.19209668949402967,-0.08531417533096881,-0.016655860603289694
2006-06-30,-0.11483911914092741,-0.1683865193942453,,0.20447133671160866,-0.11983354685588696,-0.18943913830597273,-0.17452118654595195,0.18389297397915025,,0.17545378516528284,-0.05508093074418085,-0.018382149637854374
2006-07-31,-0.1115438336333134,-0.14382636577951227,,0.20643516031406509,-0.09615432339010035,-0.1925039315959411,-0.14431020483140572,0.20451435437266627,,0.17689839001722643,-0.0031501978182486207,0.003965437619308237
2006-08-31,-0.09899235307337577,-0.11995326952814248,,0.21664553419758945,-0.038106653523974236,-0.1797747499444021,-0.13291552772290083,0.18699452884514026,,0.19454440810089044,0.025363153168679257,0.015497567014266848
2006-09-30,-0.08472550979718722,-0.11748040958664191,,0.2675774574849223,-0.01606675531085428,-0.14598245852061761,-0.13315351654117594,0.15376404253747333,,0.22761338926226388,0.023507099399150473,0.023078586357560275
2006-10-31,-0.06344458642830769,-0.12713823069502492,,0.32445795907234554,0.003330717152060359,-0.131694232515841,-0.14280883612026993,0.2409512399390055,,0.2564566541466954,-0.045290118872211585,0.038233906488635144
2006-11-30,-0.05166609364280535,-0.13065970926610698,,0.32801962916570343,0.01240949422287596,-0.13253857018241416,-0.1501964262476087,0.2953157283343851,,0.2709051677333766,-0.07114612485143405,0.030804598740441645
2006-12-31,-0.03870881230209755,-0.12108627600592324,,0.33985978811647943,0.01964713084029264,-0.12171244636937527,-0.13111978430520593,0.3076063244050213,,0.2619088624828903,-0.033211937602137004,0.02261253904035851
2007-01-31,-0.03509891025682756,-0.09067194251619927,,0.31608090422267254,0.033898416151729546,-0.10326743614479035,-0.11916258194639047,0.28836708667249006,,0.2820630563628257,-0.01582831339220352,0.027560642457271873
2007-02-28,-0.02547663122838255,-0.07958093591552838,,0.3205282183235177,0.029589415470134432,-0.10070663175395363,-0.092635606444839,0.3735708119039639,,0.2885200402682202,-0.02076778207172861,0.023672504157396926
2007-03-31,-0.04312417435349467,-0.06849130268148988,,0.28611155473608335,0.0006616920990983421,-0.11465912781353788,-0.07956771062298142,0.3622033218063313,,0.2548589326223298,-0.01792184504662972,-0.0014392557585996518
2007-04-30,-0.016688165614020714,-0.04231391902183612,,0.30294244964467354,0.012389097617446507,-0.08595493671704205,-0.0427100584727501,0.4100244999336483,,0.2745611706789942,-0.014158617313109391,0.01432272134539966
2007-05-31,0.005461103497451132,-0.03842424197266503,,0.3775924975898653,0.0008740803648719644,-0.0797595682432781,-0.041443396782903805,0.401725754021791,,0.28099198655270347,-0.02887572198298437,0.028966921614168747
2007-06-30,0.007024593254554261,-0.06807399112000172,,0.42121717273863174,-0.006822152303535278,-0.1027381407071317,-0.03877033963867105,0.35773302489889736,,0.2670848665509631,-0.03846126994664393,0.022031278159339227
2007-07-31,0.009922986863158657,-0.07926151903359507,,0.3966616776357278,-0.004181776272921089,-0.11896160148914288,-0.06180009462961667,0.30233366260484873,,0.2702232362925282,-0.030950914651175925,0.008054383433982426
2007-08-31,-0.020896174530517297,-0.08272529313254791,,0.4006568669714022,0.03120290276978946,-0.103554671164949,-0.0921593274850437,0.19611363510361485,,0.2421820269215685,-0.02512681835509143,0.016441753685037093
2007-09-30,-0.001077162895576374,-0.07978379664098836,,0.3735190415919086,0.08397138304155506,-0.09894607408278504,-0.07176686364510565,0.27195698256865164,,0.2434008343908339,-0.01700155487533399,0.03005008534157792
2007-10-31,0.01876190005865186,-0.0740411223485709,,0.3721441311139249,0.1294484198779676,-0.09343333007795411,-0.051352954509448344,0.3060601939770651,,0.24373150446308903,-0.11184537025328004,0.01546739119640364
2007-11-30,-0.016807205715148925,-0.06258015371894594,,0.12946293336280912,0.14220265338783536,-0.10434101746499405,-0.06357213967260748,0.2396091549806506,,0.12544723243380204,-0.11591226618472003,-0.06032848652429304
2007-12-31,-0.009421243990899487,-0.03889648529303436,,0.06617663754458597,0.17396600524223352,-0.10071932335800145,-0.07625224596616516,0.31830117286544585,,0.1264193602277812,-0.13921226725584468,-0.06951734356443903
2008-01-31,-0.056269278446914706,-0.037080905228750786,,0.03854250730368227,0.09582568735997446,-0.12765505821317435,-0.09491265741299205,0.2394248366783171,,0.0920952036803237,-0.18051786294721978,-0.11227907111776547
2008-02-29,-0.0674106647688069,-0.053855267670029815,,-0.00898438176704408,0.05705091952708748,-0.1425325471876299,-0.09496692073375441,0.352901701355487,,0.11035784355405534,-0.15569238232321686,-0.07720227491868618
2008-03-31,-0.08509858763838007,-0.07858243579139697,,-0.06149657320689522,0.08042149525431674,-0.15218497725794952,-0.10416199115746451,0.44959252516321874,-0.32269422295184563,0.08303537405270785,-0.1467295240930207,-0.09319683568829423
2008-04-30,-0.06013740626268613,-0.0827676084376776,,-0.02995973211341551,0.09612339433845853,-0.15344806930701865,-0.10346506957579668,0.4946050932293026,-0.32297008804719757,0.08901424369683437,-0.1511557580449623,-0.09590301387542503
2008-05-31,-0.0448655707238695,-0.0712879063395209,,-0.030994531828384245,0.05104336374328981,-0.159442831719124,-0.07387474659971559,0.5697798005457442,-0.30186670832954066,0.1097940960040863,-0.16197258543842555,-0.10809545000200306
2008-06-30,-0.07376289005099104,-0.0693424292110083,,-0.08171420373209777,0.03227897904059982,-0.1762005827670298,-0.0699803599943691,0.5515590885589015,-0.3187267220327011,0.08707381091140429,-0.16943475349559137,-0.17789489286862847
2008-07-31,-0.11290000448013889,-0.04934462316234044,,-0.2108777803623541,0.022049244205703245,-0.2221890560183128,-0.05385428594275427,0.3461662796929576,-0.2995812188362822,0.034092659411969914,-0.19807280103736846,-0.15977129618864036
2008-08-31,-0.10163984048285915,-0.03367937975119974,,-0.27441383341837833,0.10660964537761834,-0.18461940241376903,-0.053193985144482474,0.19969977239578593,-0.2703197949941877,0.06526790385647041,-0.15572197847856079,-0.09557290622449983
2008-09-30,-0.13169500736281062,-0.03425445824281087,,-0.34295392993539525,0.12268918081210804,-0.1542697067308067,-0.0730505352158525,0.11248759248217564,-0.30293351628128845,0.07379188871902435,-0.1899213083890451,-0.013930884663492031
2008-10-31,-0.24745000945634024,-0.06192722500935383,,-0.35652083003291496,0.013325299690240962,-0.19670291830238074,-0.08983273034278386,-0.04820720778746297,-0.40569002689377465,-0.07886426367012062,-0.31838724514243133,-0.04340799444422761
2008-11-30,-0.2874432003833562,-0.0697942938348405,,-0.3613279825165146,0.014596261724578284,-0.2219973939886921,-0.0756005187612159,-0.06818937912562258,-0.4384199971644156,-0.09990939044174713,-0.3328474525783196,-0.12499495432493726
2008-12-31,-0.28999812344964104,-0.08608071242260351,,-0.36006758360886437,-0.030913437230712562,-0.2713592077280336,-0.0894544668004584,0.05173231398409996,-0.42258695119695694,-0.10436890815186939,-0.3153062968500004,-0.1250201046287859
2009-01-31,-0.2955877821131911,-0.08759710779808076,,-0.3604633754887927,-0.06189672159443922,-0.2796432062321835,-0.10851072175323091,0.06355319015021173,-0.4271521091052214,-0.09537434322192836,-0.2914581128500907,-0.2621859197280945
2009-02-28,-0.3237303263412805,-0.06513763468074542,,-0.3622545707524064,-0.17790475286012178,-0.3089103847555355,-0.1529795744073395,0.039800291513331115,-0.4941495844332329,-0.13757724458525786,-0.3017893727858519,-0.3816532711836137
2009-03-31,-0.34616137667892133,-0.13016712908792355,,-0.3618627058266546,-0.2466792281756627,-0.3450477068953538,-0.1639984829851472,-0.02009229554934745,-0.49368027399423076,-0.15251497986537224,-0.328172346771391,-0.4201303369923863
2009-04-30,-0.30371304564653534,-0.15934431928861342,,-0.35948852016459076,-0.20450825668945435,-0.31139104366158776,-0.1621405782129337,0.05542249555625612,-0.481089778886615,-0.09922176007013986,-0.25706707112807436,-0.3222345965296795
2009-05-31,-0.2784112043010569,-0.15644690080063134,,-0.3593511567896473,-0.17065820010020902,-0.2889443558994733,-0.14889692962801812,0.0576395012117435,-0.42998507242630224,-0.12555273994807958,-0.2352016721548007,-0.18822220264833853
2009-06-30,-0.2673559954355745,-0.14008306832247872,,-0.3610192146629136,-0.16745112945510357,-0.2787137612897547,-0.1476800943373745,0.1196665811569952,-0.4081958715695033,-0.13673010960248505,-0.234311958575725,-0.2014997810730817
2009-07-31,-0.2628295630140493,-0.14417869413767792,,-0.36199788089096613,-0.13080697929703222,-0.24901910583761439,-0.1565899740797506,0.07950553452266049,-0.39245242815744324,-0.13358645130678046,-0.24658004491640065,-0.20385258642819384
2009-08-31,-0.22836570363696365,-0.14845453056666774,,-0.3546623910688371,-0.14932019986715164,-0.20857757951716574,-0.15934513618927346,0.12616164745349123,-0.36796904478730336,-0.13598338099501678,-0.22128444774538003,-0.14117723410145153
2009-09-30,-0.21212430639357974,-0.13304159199353846,,-0.3494963938139262,-0.10684446675544533,-0.21762557348441935,-0.16165292229989778,0.13109740757463956,-0.35659544583293407,-0.10628116982473015,-0.1798432363589743,-0.12904188956076015
2009-10-31,-0.2013466853970011,-0.09840653047298997,,-0.3532385491636648,-0.08054869890245697,-0.19805678372712085,-0.13646898882601943,0.09291643980487398,-0.33069094410234423,-0.08487821768914752,-0.11532400027079279,-0.10759492581678307
2009-11-30,-0.19183091086270335,-0.08048386353529283,,-0.3566033221520998,-0.016705337416287526,-0.15058060956144126,-0.13279292268518994,0.04634970258439472,-0.33238435828885254,-0.09699351115380567,-0.1096709638260604,-0.13045138293691813
2009-12-31,-0.1814275385194265,-0.0708700441805314,,-0.3562935012018418,-0.010566593837924071,-0.1467036264349548,-0.16568998052618394,0.09157405465191647,-0.3364613874831129,-0.12022035437744796,-0.13304603038496676,-0.1581216319594315
2010-01-31,-0.17527009631031945,-0.0635688823446253,,-0.35592497182058336,-0.027178004236025188,-0.17635537926764688,-0.16423760966174558,0.12531979389336492,-0.34583888992621703,-0.1383052470505029,-0.1466511452936289,-0.1255690417896667
2010-02-28,-0.19132214559526137,-0.07001067179897245,,-0.35677017057687793,-0.0012248437574070685,-0.19950200341239097,-0.1546724558528584,0.056739701799688645,-0.34792881947572496,-0.12996316340747102,-0.17840160396902988,-0.13947236714222214
2010-03-31,-0.1619948408728502,-0.0700341885327776,,-0.35618982798320775,0.01523494412782685,-0.1833764909805122,-0.14918916034784085,0.10114533408475247,-0.31191950188347095,-0.10549547893191773,-0.16737616099392147,-0.09181549280921868
2010-04-30,-0.14088494979489335,-0.0883975234575652,,-0.35461141077912595,0.0069285121535547405,-0.17967596879685274,-0.13664506941999552,0.12138289266076008,-0.31082447456224827,-0.08455275531489707,-0.15203908168828006,-0.03663388687724023
2010-05-31,-0.17457972032862357,-0.11797717832237498,,-0.3567282236491861,-0.010615442625925963,-0.18062320714773852,-0.15432742941182942,0.09822541793120565,-0.37048704585813164,-0.11167181693588545,-0.1794150643201279,-0.06800018944039538
2010-06-30,-0.19402647547830246,-0.12739128504134697,,-0.36089485373910546,-0.02333116561000691,-0.17751361604558022,-0.1789794033426271,0.050285652874089024,-0.3838533378338291,-0.12804621777870967,-0.25213255242124133,-0.13718076471185492
2010-07-31,-0.1956854956965191,-0.12157264545018692,,-0.36509634622560705,-0.015633243097977086,-0.16995387665718142,-0.16951723918147646,0.01775229244912397,-0.33282095967184744,-0.11195349553843854,-0.2637857796874374,-0.15071551630170013
2010-08-31,-0.19219779439429535,-0.10456165478207141,,-0.3646040522377257,-0.039932888444485164,-0.14495435306418067,-0.1588387477824995,0.010424363571623223,-0.303907696915758,-0.16211609034537575,-0.27214129569423723,-0.17426674237493925
2010-09-30,-0.17596945116192675,-0.09182352491388462,,-0.3654248855468516,-0.029680570277065953,-0.13316773258257145,-0.1586995073446944,0.0132329640327845,-0.2685079177614506,-0.15781253729150005,-0.24731255605164418,-0.1754961557789113
2010-10-31,-0.15288489895355237,-0.08179839197289775,,-0.3647678069634475,-0.003929615081171823,-0.13841576708070755,-0.15289570713237996,0.01654395637872462,-0.23834953812944748,-0.13797489654155054,-0.18517139777332847,-0.1762988864312102
2010-11-30,-0.1401516932408316,-0.11595237314582306,,-0.3644505965982857,0.016896625758887784,-0.17475749640739605,-0.1370640436711303,0.014011219724052436,-0.21851488651409437,-0.12274020803122553,-0.17596071572775326,-0.1409600225328795
2010-12-31,-0.12026854962727017,-0.12536682860356857,,-0.36504201878863973,0.01707227278617125,-0.1710503800832987,-0.15590157087870402,0.07253290395020784,-0.22201163921266806,-0.1053452888250824,-0.13577300540502044,-0.08865529594045839
2011-01-31,-0.10110535614848705,-0.12682911060659402,,-0.36415094606736204,0.0381660237807749,-0.15627454418331138,-0.15533707735269442,0.09860532764814293,-0.24334178879436902,-0.10221716412119844,-0.08615066133674881,-0.04769215470819338
2011-02-28,-0.08315168135293168,-0.13668247225773023,,-0.36145319718232044,0.01875238443650317,-0.14368297704147046,-0.1406511544895523,0.14321746669500549,-0.2072479400687469,-0.08495530208172954,-0.06582557761503864,-0.032368752313160325
2011-03-31,-0.09090750018117996,-0.12063847406312747,,-0.36381839240816916,-0.019308088085605406,-0.14693510384176192,-0.12536506177363116,0.12308603305942424,-0.1644634901760135,-0.09165630405563505,-0.08327230664652313,-0.052142729311940625
2011-04-30,-0.07830778535183115,-0.09587090233654594,,-0.36411525998864275,0.008004683869049942,-0.13912457196841183,-0.1170711510620215,0.11983013616108452,-0.13043836427194022,-0.07910941948075384,-0.07243169787035666,-0.08161490772397553
2011-05-31,-0.07513415264507703,-0.07931454059279515,,-0.3639917744973281,0.05949844512500124,-0.11595060673876824,-0.11114269468794163,0.08102293715369117,-0.09856435641422785,-0.09532397521074064,-0.044264418352258,-0.12321503990851752
2011-06-30,-0.09892749832098686,-0.09068634238381731,,-0.36471759903714457,0.027245690431570553,-0.1345016421086817,-0.12153396043131406,0.0322741091709496,-0.1171846746650473,-0.12316429748260681,-0.054285840954103035,-0.14990934931715164
2011-07-31,-0.081255269651682,-0.08136177924584638,,-0.36472192470946,0.021804287560642597,-0.12699217868603027,-0.1031090685425273,0.032637071683319044,-0.09988036261955709,-0.12877480392928314,-0.07608912619524044,-0.12446210032370127
2011-08-31,-0.14648590074648013,-0.10599604185067965,,-0.3653854805185478,-0.018427749809022363,-0.1366952272435029,-0.13395026837210738,-0.04951616986789695,-0.10666538719938407,-0.17834927359039965,-0.15949436994822197,-0.19138973652377592
2011-09-30,-0.15181454102279984,-0.09353652888475478,,-0.3655155170942248,0.0018183733403805,-0.10037129224560438,-0.14448878455409572,-0.06229858872729243,-0.1313756223685087,-0.17678227336047425,-0.16535947340713156,-0.20021069224302446
2011-10-31,-0.1362682166366045,-0.08250806402740639,,-0.3659403524113414,0.0295125309019099,-0.08127164601672626,-0.13862316599890845,-0.03400839212570882,-0.12391364036912245,-0.16755312407373343,-0.19323246886540565,-0.1749578569929762
2011-11-30,-0.12731521317886504,-0.0754643666628753,,-0.36616126678063116,0.003694807849676572,-0.09228702536365546,-0.14018916474615212,0.0040304580029378485,-0.0711435417150666,-0.18695681543923362,-0.20808108667841815,-0.19058741710929097
2011-12-31,-0.11943035838644066,-0.062282417770008806,,-0.3663028785248676,0.04312967945118583,-0.07465044798611652,-0.12178184922561457,0.02860689224915447,-0.012029043451181132,-0.19189297379863807,-0.18909523600713507,-0.15661791302659916
2012-01-31,-0.09273017630718987,-0.057332660737122114,,-0.3661077375118854,0.045688841108605986,-0.06343608430596998,-0.11741732231922664,0.0678254080288558,-0.017795726809354543,-0.18074283124595783,-0.1918835596959019,-0.09705417481355534
2012-02-29,-0.06852288218039965,-0.05597510266628141,,-0.3651144725591377,0.03317417899811984,-0.07288928915252525,-0.12431903584681414,0.09341560713086157,0.034412477468557995,-0.1922641559212777,-0.18694675704288638,-0.0781542115348306
2012-03-31,-0.05138384464276342,-0.026296971326902945,,-0.3651069027614985,0.07130220807932038,-0.06153763053965139,-0.11702985042136815,0.07596057457540564,0.09842288029113226,-0.2000915011240952,-0.19212603484719343,-0.031493858269930626
2012-04-30,-0.05269472424203046,-0.013505527119607938,,-0.36542375262592114,0.060975859431751614,-0.03147978933634129,-0.12791773353304675,0.044665188980850444,0.12341949505954837,-0.21583568723646995,-0.18173528791935079,-0.019659529245600223
2012-05-31,-0.07375274665169705,-0.0011976134519813002,,-0.36547457834987257,0.013497064460877844,0.0033139704555809916,-0.14111078097677018,-0.017668170390971294,0.10245840722399767,-0.253067708380674,-0.2066545471756986,-0.0410673372076378
2012-06-30,-0.08204813964182225,-0.001956228399176953,,-0.3656854513172956,-0.01871861462622269,0.026959608442473165,-0.14468109766156761,-0.013616780491712619,0.09070587101267336,-0.2591239665710978,-0.23892794244896776,-0.052093455722774816
2012-07-31,-0.06512389504692204,0.026157384082868353,,-0.3658893722144781,0.014708669220779177,0.06581301459421553,-0.14859608863448004,0.004644861892826575,0.14244868572076663,-0.2693062556873385,-0.21170202675987707,-0.018265610732188124
2012-08-31,-0.04475801408865921,0.03131216776386499,,-0.3656647635981759,0.05946168963394231,0.052774463720002905,-0.14659290477536324,0.024539901957749154,0.16394207219963858,-0.27298774220893773,-0.1604623121018776,-0.010047002894069913
2012-09-30,-0.026117972923939744,0.051878371249640176,,-0.36562284389865274,0.0971365248733934,0.054294094064974624,-0.12842142637036502,0.017647022667509907,0.14819743153291207,-0.2621603830948265,-0.1617541107332761,0.006731748661639313
2012-10-31,-0.02873076850477543,0.05440150593395067,,-0.36553251041439916,0.0972497136938304,0.07470620484589902,-0.11608107085112992,0.024906768151262533,0.15422302829361012,-0.2674852230010168,-0.15765636653244722,0.0025958430981647697
2012-11-30,-0.04892513798185822,0.017172287298264137,,-0.3655211814667571,0.08749669506193644,0.061973121929305444,-0.10765354390527973,0.039748202753162376,0.11324986781692518,-0.3035029324901468,-0.197376592367453,-0.0337157337168941
2012-12-31,-0.03597352198385092,0.02573076409245879,,-0.36560218348038076,0.10513929093916419,0.06498686928877305,-0.08488479239549793,0.06313027890589087,0.10770783717646767,-0.3167042607728504,-0.15124709737890615,-0.014175951434395258
2013-01-31,-0.008874817831380388,0.057789604968723346,,-0.3654588723813369,0.12500319248269426,0.07848118719374773,-0.08149180059015286,0.12125317947256424,0.1251653306414117,-0.29972913496389925,-0.11314493480020317,0.00985815738041447
2013-02-28,0.006008940930569516,0.07888174980531668,,-0.3653661540100729,0.21321258272111882,0.13541767738903104,-0.05836806195982343,0.12101137168586981,0.1528701374094834,-0.2744508259904852,-0.0809513677593529,0.011877645565879679
2013-03-31,0.023971017383531,0.07932239171535176,,-0.36274134252806495,0.223923387451659,0.16805448875449802,-0.01456952556558451,0.12200925756547985,0.16473444689090305,-0.25555009463814315,-0.04925835019314001,0.04702581756989485
2013-04-30,0.033238655467056136,0.12126298032565906,,-0.3590294405587753,0.2542256158377263,0.2379160335039781,0.013510688653387976,0.08151260556959498,0.1977056963374989,-0.25377041146625484,0.023199572335571694,0.05286456240103245
2013-05-31,0.06548138375378065,0.12805454928510862,,-0.35044313285578194,0.2535247234879537,0.2551847013457429,0.03176315111149215,0.10741560296128168,0.19584687695852585,-0.24860001672950946,0.03460028856585409,0.09382680267070334
2013-06-30,0.05565557417837197,0.11479272916071674,,-0.34729518030503487,0.23174992920880846,0.1906991599371912,0.0286076553152322,0.09327224136202542,0.14882128827963598,-0.25753540708602096,0.021888005434889432,0.1224273529994032
2013-07-31,0.0789271368370382,0.10440171238101784,,-0.35038906289451377,0.272094592528938,0.20689633013714748,0.080862546794108,0.10815847842217856,0.13389141177021785,-0.25723953210261846,0.02546000083004491,0.169936886721074
2013-08-31,0.07958849369146934,0.09520022436664778,,-0.3522815110877062,0.2731282120015294,0.18424640624916303,0.08332768011175867,0.1286723443081299,0.10552951619611217,-0.2115122309009974,0.034679140052256606,0.16502394113418306
2013-09-30,0.08755346062568228,0.0785012381926825,,-0.3539863365584838,0.24526918514274737,0.16868364519447687,0.10016334404641784,0.15574961058346123,0.11018520685448879,-0.20935087103212444,0.09061293736999165,0.15130284753824397
2013-10-31,0.10287403048948184,0.0980638215229777,,-0.34767686709832135,0.2500409330858516,0.21758363299896177,0.13514476097068673,0.17435993495785976,0.11512677802335843,-0.17573143129074809,0.15302427255933337,0.14835950569762626
2013-11-30,0.1324931550448744,0.142899440182029,,-0.33745174623137597,0.3259096654256016,0.31149873175510856,0.14090293379002766,0.21677185416591316,0.13617374100292937,-0.12449499309009629,0.18726009807177238,0.17401057052088226
2013-12-31,0.14379446426365886,0.1369724152479433,,-0.33479142757382496,0.31016983575656254,0.2737019220042928,0.11345405195619902,0.2066153064519702,0.0962148706000285,-0.12625054642333178,0.15251935079476625,0.19720512387606917
2014-01-31,0.15059431762607556,0.14940025236040935,,-0.33207814622574156,0.2644010601380456,0.2832492378703194,0.07723009604590227,0.18914556322459783,0.06115143610363106,-0.11555681759456983,0.16681725806318476,0.22532888118105063
2014-02-28,0.14811251058433095,0.14877389483981332,,-0.32797706962270096,0.23509161262632253,0.310474405036141,0.08051644509740351,0.16693264339857763,0.017679257250565357,-0.0844756721811065,0.24319544895441317,0.22058410439320583
2014-03-31,0.1697918475625024,0.16603587275819495,,-0.3206245861525826,0.25448484942370564,0.3257977361376115,0.16168397424456238,0.17535545936468028,0.033386317273882034,-0.07563357177450176,0.28431890016060496,0.2712731952021033
2014-04-30,0.17013693482382955,0.14948526325858,,-0.3221993090138683,0.2885648280395673,0.33153512711610794,0.17877942377824466,0.19738549265663102,0.07214121553439827,-0.07626899438611721,0.2791628499062271,0.2891409379918326
2014-05-31,0.182030294379709,0.16817802027784473,,-0.3178716534117857,0.2871185636722852,0.33438133882541654,0.2058340588290921,0.20209597282720695,0.10210768971098572,-0.061088552135381925,0.32587714482490787,0.30083242073963207
2014-06-30,0.20876092881110403,0.1857657004751004,,-0.3183984486921521,0.2656174013470047,0.34280015449870355,0.23097927896292775,0.18250310161491598,0.12838266997875622,-0.04314943735586451,0.3922174900443086,0.34845772332396674
2014-07-31,0.2208914520875709,0.21780550707561466,,-0.3193475050337159,0.2720450407582729,0.3364517706338297,0.24898978510015202,0.17890787079065992,0.08791109242128577,-0.047590719491762704,0.36230998378787665,0.3412679466831567
2014-08-31,0.21549683274906126,0.2192834456365986,,-0.32194440807175545,0.2999198791263155,0.30262350528268045,0.25523160736104294,0.20966688283836615,0.07917986907674626,-0.06092582370274699,0.2275816360410039,0.3202961825756711
2014-09-30,0.23027703809665745,0.22916112118217946,,-0.3293365422806537,0.33170067142720866,0.2981993840031474,0.28328902585468757,0.257037936559784,0.08124010417194168,-0.06712508246492972,0.21780646216328092,0.3462289721012193
2014-10-31,0.20418464565884262,0.21273062083313993,,-0.34416514157598915,0.33776306662213523,0.3211267693156075,0.30363801235948873,0.19247970418324786,0.09863511820934392,-0.1024531284487068,0.21118233897016989,0.3229162245029723
2014-11-30,0.25422151873463433,0.25064786958077895,,-0.34155659430698293,0.4068038582167208,0.414710040960229,0.3730735014443984,0.2290463272388663,0.11790892562470288,-0.09111337016102557,0.2933966308998599,0.38040972090280345
2014-12-31,0.2587423063036551,0.27221920242233144,,-0.34186223172350316,0.4443702300337624,0.4335935932377015,0.43151445219806717,0.19502963525476055,0.081343234078259,-0.09342157609107274,0.3665154298179258,0.39796964239912597
2015-01-31,0.24657658469726995,0.2617884368512128,,-0.3423645413098192,0.4166740299477008,0.42500260466060596,0.4942317202962793,0.10866219707003535,0.05695168794068622,-0.10279486173340388,0.4124520768885889,0.3577249620956527
2015-02-28,0.2717668231551496,0.29093521184795035,,-0.33736816577047885,0.35720101601821613,0.37862378652790174,0.571755402576055,0.14065203155630468,0.05841121617082496,-0.12216922612195101,0.44886202168333716,0.39652589472730515
2015-03-31,0.27073838548970625,0.3055116969742169,-0.47910637598952716,-0.33734198409591365,0.32109268400203483,0.3462767645324519,0.617769597280803,0.13421786737689803,0.015449228413049325,-0.11911822020535741,0.5513843878068004,0.4072185942665561
2015-04-30,0.2776739302595505,0.30468868334437366,-0.47910637598952716,-0.33685895932834997,0.3055417728056613,0.36441201595542444,0.5927586197084482,0.14242304940204037,0.037834163193603124,-0.11554131465149219,0.5913486867186837,0.39737682424112264
2015-05-31,0.28563927631751285,0.32444612582166504,-0.47910637598952716,-0.33647632444206643,0.27251015817815305,0.38414754269896606,0.5750618456986198,0.15288236630172172,0.08214011547935811,-0.12422648142132216,0.552547450865871,0.42122725105101533
2015-06-30,0.2797355199178753,0.3419200249236588,-0.2913855993204835,-0.3394290843043671,0.2561866701023441,0.34818079718837464,0.5781242335438757,0.14403820005962126,0.04819688572637105,-0.13982939003668676,0.5619111527340281,0.4450798244509577
2015-07-31,0.27733853505678685,0.3621081121920296,-0.2532167012957258,-0.3405375180913987,0.2813547511640976,0.39064110052741235,0.636894032041548,0.08333721855007185,0.07398336626545518,-0.1536614947206385,0.6671525474216804,0.4522013422857671
2015-08-31,0.25202698525267636,0.33132097379183195,-0.30246061432592874,-0.3414245230166106,0.1756818712477599,0.4104723189297571,0.6000803387535839,0.09674503026535036,0.06625405070755484,-0.15899814367115833,0.6319293948253594,0.42174194671300824
2015-09-30,0.20750870902890134,0.2291526155525677,-0.3297317637100189,-0.3416567665023567,0.11595476868138699,0.3368143790423776,0.5693785786784876,0.037898136797898656,0.026573451827777306,-0.16630551922393697,0.5876657794243729,0.3432541599873335
2015-10-31,0.24500699208158705,0.22135140657308472,-0.3562760340514524,-0.3405753671480798,0.18928419084053388,0.4466185311035371,0.6171139770900863,0.04983601190460847,0.09962977261307425,-0.15732293564813393,0.5780298534159416,0.36678821766322306
2015-11-30,0.2710303421721183,0.2744092170212447,-0.3671728471410956,-0.34273329857329204,0.20485158230756842,0.4846856737436054,0.6073203063546806,0.056162861136955476,0.1019767301605248,-0.14991350645248092,0.5309209418990354,0.412868028974971
2015-12-31,0.2586551942158386,0.27096962393552687,-0.38068266202126827,-0.3470691681363615,0.24941146200865966,0.5291429726470512,0.7259731541569276,0.036405550530229897,0.12558866986441347,-0.16279659744602276,0.5406144934943125,0.40025934942355373
2016-01-31,0.19547512696056035,0.18978467011545894,-0.4109307117701649,-0.35149863499177003,0.2302305357669859,0.5521302579507567,0.6633151723240214,-0.016933522663296997,0.11881975878812852,-0.18363857543206752,0.4822635273131969,0.3023026684656541
2016-02-29,0.18886275622890678,0.14770142049359425,-0.40791320616526183,-0.3523150344881859,0.29319399412141395,0.5958764204549463,0.6447352539242668,0.025053197514922826,0.15278624455561005,-0.2095624225764093,0.44141517009155223,0.26177739974173814
2016-03-31,0.2436739101039706,0.1845373664586664,-0.3632270816962451,-0.35008627102117285,0.30963784211944223,0.6356691255212232,0.6343699003096707,0.1074351565676081,0.22213981309197653,-0.16187939148732294,0.5048418824815364,0.29648352735345984
2016-04-30,0.26866075888076907,0.23266334579124526,-0.3349676177462416,-0.34925848586279973,0.3021968387249231,0.6315971019658005,0.6029788052351612,0.1575648511948758,0.25667572809249123,-0.14634389631390293,0.5043565621506186,0.2886026356033572
2016-05-31,0.2640045029125687,0.14862669404520845,-0.30714623218641873,-0.3461826783927493,0.28997402901780583,0.5688136666468798,0.5443501096406259,0.14262101898290835,0.2614340127275143,-0.19427194024652225,0.4602650552836008,0.2928523759436491
2016-06-30,0.2725575314925155,0.15205629933204814,-0.32554206340282676,-0.34296525890759205,0.3162431406807731,0.6149236704658592,0.5675097460575218,0.17026050093198772,0.2691815697427489,-0.19822009425249665,0.5018586407573354,0.267627861900903
2016-07-31,0.3028743596801007,0.2224979370857715,-0.3297996821133175,-0.3453264933768598,0.3558217937971993,0.6436436712608644,0.5867089284827719,0.2282336835125979,0.28006780162610667,-0.19261402389896676,0.5034829984224037,0.26574381397223085
2016-08-31,0.3162023489136066,0.2576302689537984,-0.27708240543826884,-0.3463735463272239,0.37778449889182514,0.582481485390495,0.4724510913278661,0.1910086705066894,0.260253345067513,-0.19194081194546048,0.4981197216356563,0.2797254323250152
2016-09-30,0.30697298620887215,0.21215146710036897,-0.22743916802732117,-0.34801230239872505,0.39718316943440996,0.5425441045161319,0.42493607994471383,0.14569307489131778,0.2641659406017842,-0.20031621835256097,0.502552983410168,0.24775802728284868
2016-10-31,0.30013181551664264,0.2007522047840634,-0.19361675367434308,-0.3476894273993686,0.3867997167012131,0.48037000605702945,0.41059486107947235,0.14030674184796524,0.21983430331057008,-0.2091269226759494,0.48148818559609935,0.21279691495923123
2016-11-30,0.3103747833111257,0.1693680982698928,-0.10171849247122798,-0.3374990447941569,0.33481569932522176,0.4224248648199735,0.480583881107058,0.28029679846520705,0.16458627600965972,-0.25311843473760953,0.519267137985457,0.3091335635605993
2016-12-31,0.34844807112759374,0.1538630521266885,-0.043092403705933806,-0.3218481118901876,0.334622867848606,0.42753919463434625,0.5307644165672153,0.3590232868699864,0.15180720633791214,-0.24120035103961013,0.5531566790998166,0.41735999674397994
2017-01-31,0.3617325715160615,0.19147256141842325,-0.047235091678194785,-0.32149408241227045,0.3564214296368399,0.45618391907957834,0.504364338046863,0.32514672836365927,0.18495630177223635,-0.2328817187611387,0.518076574444421,0.411797110447727
2017-02-28,0.3872852831270273,0.24876880316307406,0.07483489966370754,-0.3233441287231182,0.41756714323195043,0.5609834587509281,0.4953480441385415,0.33373867010560115,0.30426896348432647,-0.2752987387896862,0.5364287573344881,0.45331868358938066
2017-03-31,0.40449852742483317,0.2711506045552753,0.14080467377560696,-0.33614868382731755,0.43857509266028505,0.6310892151177978,0.3783336810118824,0.3420317114729744,0.4054623722783986,-0.28069268287677285,0.5481822960468415,0.45663611819794525
2017-04-30,0.40099507304732784,0.24673000287472546,0.19767316222526263,-0.33838240365110905,0.41721465834053495,0.6147012756457112,0.39331974456610785,0.31565236245194844,0.4155285214167431,-0.279872326639025,0.5300375788090637,0.3846266504431248
2017-05-31,0.41780017843641076,0.25302105246506496,0.275645579831751,-0.3371527397148979,0.3724058218855799,0.5750782729788079,0.37829776251806796,0.2976185207766823,0.4329844673594056,-0.24536019934636638,0.5301534377213127,0.377425422214212
2017-06-30,0.43581922556616837,0.321034120655534,0.20858068837655494,-0.3397210623917148,0.40555262924330965,0.603300672777239,0.28897606663438624,0.2860582949783705,0.505850415566767,-0.24535280021444295,0.47839353932179274,0.3741351102593124
2017-07-31,0.4452005432941445,0.34639418882780376,0.3107799602178556,-0.33947396249919876,0.3991830867072281,0.5404751781584962,0.20445350934627446,0.3080722426455704,0.48462748567544545,-0.24262114736755022,0.4605118435329077,0.4055995768645799
2017-08-31,0.44618944172476743,0.3473674696860437,0.36958873442582113,-0.3361228244347589,0.4563511122850513,0.5065170671711002,0.1997815050098041,0.25764730877269254,0.45014961346842314,-0.28520668615552963,0.49423540367353763,0.3533713907075858
2017-09-30,0.46326574228693057,0.3959758901453499,0.42426257911587095,-0.3362443645847438,0.4702292806681041,0.4820061181607851,0.1436289989115866,0.24164524629911774,0.44624624752926495,-0.28026073843175425,0.4861499708126875,0.35352056512962404
2017-10-31,0.49318414225503177,0.4483618628783674,0.5208936240104728,-0.3319079546965534,0.43193132585057004,0.43567659108906914,0.13185012932626586,0.2850482415861278,0.38967114400897807,-0.26689981518088046,0.32892921707138667,0.40702928551934875
2017-11-30,0.5102560108782608,0.45562482613551236,0.45924006316262406,-0.3344005787873278,0.39801385334867007,0.4277110782347038,0.18257765186478958,0.2683908861526775,0.29965834276698444,-0.3252468425529617,0.3327679514142095,0.4038080865000194
2017-12-31,0.5432422348819271,0.46514036242127643,0.40080053570551083,-0.3357209669909769,0.4467107507210787,0.4875839780088166,0.309342248947504,0.33982704128967606,0.33846347501393387,-0.31537800457397314,0.362274515784189,0.501547143001162
2018-01-31,0.6017503616373128,0.5385478954299286,0.459755916085471,-0.34258573949998095,0.4224446247731567,0.458610626209563,0.36878002112185526,0.43893080097546083,0.3421724571541187,-0.2908409410514484,0.4190716576024451,0.5798696630076137
2018-02-28,0.5622756339591922,0.5236114892913256,0.3967401356156379,-0.34707229838685794,0.29370345830932143,0.4156598317889167,0.3443856344790582,0.3920419247542337,0.2986355143434136,-0.2898245886757478,0.33842398576380206,0.4884423230045599
2018-03-31,0.5611650875141351,0.5633780560087358,0.3986709446769735,-0.35012514994381805,0.2504130711618892,0.3824996954011353,0.24001122863831248,0.39078830938940656,0.30245798855266987,-0.294971199851102,0.3072079538984698,0.4131008321581016
2018-04-30,0.5382452895815354,0.5190985945973969,0.4234230331410707,-0.350884189182611,0.21332189306413077,0.32708047382896593,0.23356866683057842,0.35162303867420264,0.19642104968132879,-0.31814868948185937,0.26011503858711077,0.34816495567638756
2018-05-31,0.5605680823848693,0.549107532742329,0.4316461111349485,-0.3517732536709368,0.1634223147722226,0.30956332813324233,0.24179763580965724,0.36845263301005204,0.0385363786541199,-0.34709642356276854,0.24550360249101505,0.3853041647214851
2018-06-30,0.5852182955419962,0.5789766121943016,0.38825942185061907,-0.3514053201326487,0.21494615223534586,0.29404038735605814,0.30148342914036225,0.4000181257889576,0.026200915034090028,-0.34357341118986795,0.25427060146499386,0.40133380053637563
2018-07-31,0.6035408804640554,0.5972443471498179,0.32802561038855593,-0.3516942084072492,0.2594614949631965,0.3347571996005014,0.3541365961320213,0.3926383779488822,0.06490501517167731,-0.3497804214235895,0.2619048701781057,0.44350056638743307
2018-08-31,0.633468999907919,0.6303400057464844,0.32515068755137116,-0.3496577082332387,0.31265993087715205,0.43119458660571985,0.4171144729374904,0.3671450871010532,0.06259569630722175,-0.36251788286667747,0.3092396123542276,0.478123734580806
2018-09-30,0.6538386233210787,0.6952460780732779,0.2601708235194533,-0.3509351692288741,0.3240996702054776,0.43540395190732917,0.4026116063631588,0.36846257400939564,0.029595034441190663,-0.3750868681869589,0.3446249506771892,0.4172869372254434
2018-10-31,0.5997269104501797,0.7096459011385837,0.16878155533782133,-0.35250742934788676,0.33548095210025747,0.36726084254187574,0.34687759206924457,0.32449786240049083,0.09906285968169457,-0.381430011371291,0.40889334304375513,0.358355272072752
2018-11-30,0.5707052161379595,0.7309243217650878,0.07503671362651369,-0.35388635873776925,0.4618053328161161,0.3828590425083879,0.40912502609120505,0.33822889480971585,0.1111049691835149,-0.36203946271290766,0.5053547286234559,0.36983858421859767
2018-12-31,0.49799212690552497,0.7250575621616947,0.0032908950762459686,-0.3551549017630168,0.46590756291826774,0.417542149632488,0.355909361492207,0.24713263201417957,-0.00942130402751874,-0.38572431276217145,0.4171724501715306,0.2571586117633347
2019-01-31,0.47128159757430277,0.7074882413378808,0.04589991139460098,-0.3556933244770693,0.44627462978317345,0.3965719430054465,0.3208522970978221,0.2067723091761756,-0.12179135456578173,-0.39374093425018064,0.30614095451607526,0.24680416105602287
