Date,^GSPC,ABT,FNMA,PG,KMB,KR,NUE,PM,PBI,WBA,WFC
1999-01-31,,,,,,,,,,,
1999-02-28,-0.0017558174956547878,-0.01784518850067507,-0.004745887665299708,0.015784934948070983,-0.06508761950918607,0.07785310734463269,-0.024211041914491638,,0.03715958259099006,0.08853327193184435,-0.05997186071051697
1999-03-31,0.028142389261932133,0.05481213444019195,-0.01649758454106276,0.05434943092457911,0.01898236866072689,0.0173885695793472,-0.05353952640029924,,-0.04972632702053881,-0.04486699009035933,0.07329483060153708
1999-04-30,0.04142485957759634,0.04359621877948827,-0.00442192742706049,0.03616530191230871,0.11005179275681365,-0.09867535710232345,0.24803810239123503,,0.03841543443898576,-0.089505688847072,0.08285762285330311
1999-05-31,-0.0020098422417703654,-0.06585567473628828,-0.00843814168377821,-0.0407070583560053,0.12548191258366548,-0.06761998345055853,0.029237613973415177,,0.021838718387183764,-0.05779599471830987,0.023084765511214744
1999-06-30,-0.007147708592162738,-0.06285741037504022,-0.05023164830639337,-0.04420286107976401,-0.048523982733047255,0.04569280457457525,-0.1598320988660561,,-0.0423143858823134,0.02770191182208359,-0.011720342437831377
1999-07-31,0.044185207868278065,-0.028489459751090296,0.05830521388076293,-0.012309196094700048,-0.012177498347368365,0.03287281494876404,0.0469203384985839,,0.03773237852774347,0.0975056689342404,0.03260213026120007
1999-08-31,-0.03874130064552794,-0.007370579095146379,-0.06598108304263328,0.0825270425776754,0.038691350019543824,-0.14761522372450875,-0.0003971274448160145,,-0.12125307669686625,-0.11503416856492032,-0.058304323841047
1999-09-30,-0.0070183266155274815,0.0010054831535992736,-0.03482287769694015,0.04422021807502663,-0.06439022302895248,-0.021306429173924002,-0.034169287645533286,,0.03909689989112364,-0.03708903708903699,-0.027337858220211064
1999-10-31,-0.013778092404136522,-0.09675844891988095,0.031138408798742967,-0.01651337792642138,0.005502434415221247,-0.10354592464910117,-0.029442262372348704,,-0.11098709113850325,0.011300121506682803,0.08894303990252794
1999-11-30,0.06999395224508431,-0.01852281565401026,0.06662972710901816,0.10756034613632925,0.16188502695998097,0.04546078835324807,0.10185185185185186,,-0.12664446749276703,0.11630421722936446,0.09566433566433563
1999-12-31,0.027089265034297982,-0.035903086402791606,-0.07677685950413238,0.01466003327082066,-0.008953637994856156,-0.2254663688912245,0.07677349388579313,,-0.05365818318190341,0.07785760413303189,-0.0842626546290064
2000-01-31,-0.0021688412386361433,-0.09494131256168026,-0.0706964461552233,-0.011965260897878083,-0.0016053445899323338,0.023508459483526423,-0.03053761200250049,,0.03734199161491647,-0.029200524246395743,-0.10527576342226075
2000-02-29,-0.02575152772793554,0.020344425894855522,-0.06394701986754969,-0.14471115194670958,-0.10964188536052188,-0.09065599443187744,-0.0712259132285139,,0.05348308597406071,-0.029052813478777417,-0.04703091771634216
2000-03-31,0.03840382930550157,-0.021970973481006184,0.01154383754466437,-0.32677880208546184,-0.10401394661984165,-0.02294547330238439,0.00011344801728840892,,-0.053013790096955504,-0.07547032935145337,0.009318102943207007
2000-04-30,0.013273118008003904,0.1634147976516822,0.09763260006824548,0.0340021635043295,0.13714944297501974,0.20557866054782714,-0.03851844085645717,,-0.08080132736713286,0.061779091360866234,0.12857734975958013
2000-05-31,-0.029339689210811093,0.035793118753761455,-0.036078752756151355,-0.015963546834403375,0.021070069195435526,0.031992289516229455,-0.12066006308029431,,-0.056468491220237116,0.01071336595415917,0.03187009690816822
2000-06-30,0.03065221645010796,0.04041633392723876,-0.01301682692307704,-0.09659059266437209,-0.035539945842153364,-0.014417572982255322,-0.12305850153951425,,0.006883714396094698,0.03674259797176793,-0.013674986723313909
2000-07-31,0.007553841017565732,0.019945677632173142,-0.07908472058160909,-0.00658373300127002,0.003844209353759842,0.10930342299176021,-0.012647758748488225,,-0.08190728661620572,0.09313311049940998,0.0018306636155607237
2000-08-31,0.00845603517550475,-0.014936577625597636,0.03072089369872577,0.058970173616263555,0.019390062434438304,-0.0033271464476528623,0.0530363729817982,,-0.04261698137891945,0.051912832721493496,0.043340102044750584
2000-09-30,-0.01171642034989051,0.08802957689134794,0.13478690375388114,0.03807465949218103,-0.07369405166839971,0.040536381622334305,-0.10071960520412726,,0.05333181498984607,0.11245272218019764,0.031538224651628255
2000-10-31,-0.05307019414295355,0.10293471536876764,0.1579600710441018,0.15833646626091036,0.09324289804031438,-0.04698799742531512,-0.0861525109735134,,-0.23196322947669823,0.08654385600873016,-0.024789132419378745
2000-11-30,-0.01086685151169986,0.06446601658577311,0.059811130575795124,-0.009560939385500955,0.11131685408550962,0.16568603338567578,0.11247939957646835,,-0.0006867458059452991,0.07740705562179606,0.031257334272120296
2000-12-31,-0.03207774468627256,-0.05949041014913914,0.08490001544163062,0.01904123711340211,0.019532917276904094,0.029504879790525962,0.12647691117034987,,0.05885529157667402,-0.06474896836313615,0.12155211652253084
2001-01-31,0.0035385474884923607,-0.10999163954085345,-0.07509771966709822,-0.0231108726586291,-0.03705369051693741,-0.06840079188957371,0.020467491407907934,,0.11352711581190333,-0.04431281563567435,-0.014584004395031047
2001-02-28,-0.02237691007283904,0.08443956179107626,0.03536553882726734,0.03234519859900087,0.05504046249457395,0.02105827276371186,0.09001691520105282,,0.030305285892833878,0.1017150028046141,-0.012723131712048974
2001-03-31,-0.09182571432656206,-0.03705504410914151,-0.027595412249326046,-0.11428935180941646,0.0029261392088559823,-0.016508491598896224,0.005533619331116846,,-0.004162915775624443,-0.010845998591919481,-0.0319973388829321
2001-04-30,0.003362137373216889,-0.00389691399142289,0.007767854320227308,-0.09810001328691931,-0.076417556441012,-0.059091429384893646,0.04792100289348378,,0.02675712712398015,-0.03487399558958626,-0.021441929880938515
2001-05-31,0.06768291473464672,0.08595538925419288,0.004905082427877128,0.09931116615024838,-0.06588239467273227,0.07407563837254161,0.11967993800541255,,0.10231080962630967,0.011071872308623831,-0.014811235256965705
2001-06-30,-0.024920458637616272,0.02159761437305674,0.06270018033717495,-0.02210574946133481,-0.018564346368240003,0.029208531315343622,-7.868542134592538e-05,,0.01555325503131777,-0.03564588462238327,-0.017433766728323086
2001-07-31,-0.027658558283174428,-0.015766181638499743,0.005414060192721282,0.07032155490891512,-0.02179207641719294,-0.0008934571372100075,-0.04340138006124383,,0.03506591548849669,-0.16727093213476907,0.0073309240885592875
2001-08-31,-0.021541453657408227,0.03362012671196779,-0.024314269562243918,0.0761263667504124,0.08244735033409767,0.04620071887986876,-0.008290299515427701,,0.019285623339215574,0.08288908730444211,0.010273427375240729
2001-09-30,-0.11358463066412605,-0.04674864015796243,-0.05930725007839288,-0.004633731396852969,-0.011726052578530877,-0.030677088244219775,-0.16492251312431672,,-0.0388202740699668,-0.06247215884113744,-0.05255453080050021
2001-10-31,0.030581178102692785,0.06541694232182893,0.04399090429942776,-0.011843445258210128,-0.05550742540066278,-0.02940500901996923,0.010549885227579825,,-0.08812863236751645,0.026207976762989027,-0.06527188198945044
2001-11-30,0.049315777020273455,0.012156589846987753,0.012349866943657029,0.07510366266897273,-0.015212463240367624,-0.00017650603954555422,0.11789763451477664,,0.0560113860565532,-0.030990780902005688,0.023854438475764628
2001-12-31,0.01349641831598225,0.029381740073425533,-0.039175872067365725,0.01734862271263049,0.031224644093555298,-0.11644335430639974,0.12113350539864975,,-0.004401172723515034,-0.01596048679898099,0.024607835346008633
2002-01-31,-0.004124607424093596,0.022009441642502514,0.020475722115604666,-0.002487654659976468,0.0007778619128442354,-0.05486190312772743,0.03447716801219425,,0.00740300674287897,0.07908549704482337,0.04068575874954683
2002-02-28,-0.034676741706780034,0.003346486236048829,-0.024132034067217534,0.06597332308653714,0.04003560434135811,0.019207544739484383,0.07842373075114595,,0.02179113317650061,0.07227975289119803,0.024000507265789617
2002-03-31,0.048263435673858046,-0.042307055820543615,0.02047431298654434,0.040371216177568225,0.044894053140006385,0.06515439843476534,0.04097592032362418,,0.05316179502929086,0.041551034101878104,0.06978760448176313
2002-04-30,-0.036190664465647004,-0.009280098816181859,0.014291531829550008,0.03157195983329819,0.01769538021495265,0.0031186566319696407,0.03653854952335478,,0.009705623723069046,-0.01400113787728563,0.011446517118645971
2002-05-31,-0.029466046838447002,-0.07727630319296042,-0.017415508653882528,0.015665457987728004,0.011001591164877977,0.010714931645683379,-0.002162654202965242,,-0.028035489910176015,-0.024200875016367585,0.04151681240777183
2002-06-30,-0.060429212109991304,-0.1950335316532973,-0.03524440710653032,-0.0013600207780417595,-0.02406997131433508,-0.09835558667242894,0.07393734542109898,,-0.0143838650068554,-0.0061680176585675595,-0.030111443783113256
2002-07-31,-0.10893226836981706,-0.1081785931754391,-0.06875290081652641,-0.07261314520736628,-0.08637641378840943,-0.04634974005132941,-0.10588717101671175,,-0.07401045625499425,-0.07590723197459437,-0.04829545578105776
2002-08-31,0.009923595184535117,0.12745410208829688,0.04881771702633131,0.06281791284758076,0.018544198407634882,0.006981915952086526,-0.13401508504920467,,-0.025704549910140373,0.016858532871504295,0.0654121556365701
2002-09-30,-0.04902762231214364,-0.01121043705844016,-0.07725905548092415,0.003909356393510421,-0.0170091047448806,-0.16074112444552313,-0.09189878527705142,,-0.10078239667764444,-0.046430255913868956,-0.03706611434332807
2002-10-31,-0.015188425234076708,0.06528817075373006,-0.033168984484277964,-0.007612246619058904,-0.07269493124407767,-0.1403984943398292,-0.12175034757830094,,-0.025978762205723593,-0.010069973345048,-0.015841937526307914
2002-11-30,0.0647012303975043,0.044137405124777596,-0.027674200265232374,-0.034501416980539434,-0.06630437965774749,0.048559557855183844,0.1213264301629775,,0.0430845950499128,-0.07607946086363515,-0.02181026980200018
2002-12-31,-0.01181240979853948,-0.08832406438365481,0.008022971697030146,-0.00012590548593993667,-0.059920895646048855,0.02871658719490866,-0.03944583527349432,,-0.005929498715697368,-0.057560973004000204,-0.019059773636647015
2003-01-31,-0.003717152599578055,-0.03459762004094746,0.029691895328920692,-0.008864166093918047,-0.02910550121005895,0.04367371401812359,-0.053064042399775246,,-0.005723997062953123,0.07107221016635923,0.023911921081355203
2003-02-28,-0.06498647843392491,-0.07312372198468997,-0.053093901907934726,-0.02327662706092115,-0.014984408587022324,-0.12275190976496231,-0.03654177384769641,,-0.04536864546203834,-0.09386290256074226,-0.03555742316349475
2003-03-31,0.010747696165614773,0.02258428702148496,0.002438074913843069,0.01077244212424433,-0.015179843853803887,-0.04361535313540588,-0.014807705414740746,,-0.014333161885908052,0.04011667440158462,-0.004571100254027072
2003-04-30,0.051267646754156404,0.08259068068700359,0.1009395200550176,0.05959706832652434,0.0644958999353229,0.042211840594383876,0.013845120151722234,,0.07301006057663262,0.04913347105339594,0.03353510718300279
2003-05-31,0.05161327242416247,0.07168326380981704,0.03147534786242723,0.0012569584286328261,0.05914015169211684,0.07765197129567203,0.09835677224969652,,0.061634644163953256,0.025325208592966275,0.012861856473731725
2003-06-30,0.05559236272948698,0.0560139317973396,-0.030488679002387387,0.012914031461522146,0.043523768858611867,0.08046851573348301,0.12704293005274292,,0.0684791364279933,0.0009309493850266914,0.061571986692201985
2003-07-31,0.0046009036908329914,-0.06518449569237439,-0.04252880165713746,-0.02346094094203821,-0.0325602981012707,0.04248995216385598,-0.013314932490626208,,-0.010893234406538332,-0.04889115727648008,0.012469109217268626
2003-08-31,-0.003031613517125775,-0.06532099754375564,-0.0692539198884784,-0.010563863484252534,-0.030106198246422133,0.06968516658971358,0.025860229059130546,,0.01527759538610085,0.018424767358131033,-0.027648721393112252
2003-09-30,0.030226403300498195,0.08754522242384821,0.0950613199746091,0.04223721681458659,0.031305977939381835,0.03148299076626082,-0.04007233118826781,,0.019737331601155317,0.03484536386145054,0.018197408257293324
2003-10-31,0.018924514290550754,-0.013600552979520453,0.054503417940451326,0.04480109473127847,0.017300457592411167,-0.01953702004482183,0.0450775333053377,,0.04726595093159647,0.04171755644875974,0.07295373506585934
2003-11-30,0.010748274545368641,0.023883921930247354,-0.03713769143754053,0.0064399653187559025,0.03005211810356112,-0.007750205416576339,0.07987288846676499,,-0.014647306811933603,0.08467526120184976,0.03302202960081013
2003-12-31,0.029276126843982286,0.06273078930458298,0.020966239053846536,0.013898747962073799,0.07371053633854419,-0.01619833524683545,0.0006911674914096277,,-0.02537735232363114,0.008317475955617493,0.019138904836536685
2004-01-31,0.048010229983150854,-0.031539359798459565,0.051522834473472834,0.016683262336848692,0.009670924289996607,0.04634077058721009,0.014909132409472337,,0.026338563958993255,-0.04320304573888745,-0.0022499728749052483
2004-02-29,0.00957055804839535,-0.012152315252686785,0.03828634104019368,0.03207594296353555,0.05968134529950753,0.0207498890368909,0.08876816348675298,,0.009321587607028281,0.0048046949700424335,-0.00023249167763905731
2004-03-31,-0.01694841573087824,-0.05729132624498434,-0.02753647295071915,0.010278264859697295,0.018437363792848327,-0.08818123232944108,0.006271359356932571,,0.028027375192736903,-0.02785928897364842,0.004234183465818164
2004-04-30,0.008096533615934431,0.04200948380411673,-0.04751791572688402,0.019944785625709338,0.030424361210186213,-0.012726523826296465,0.05089504323705496,,0.03444446539254775,-0.017744458477783387,-0.021834025851138028
2004-05-31,-0.02673872146193801,0.017248097947791363,-0.04886756106787016,0.009098901493732381,0.0028371485348155367,-0.02215852832115972,-0.040376506016924885,,0.0064855810993760254,0.031505918787404275,0.014335202797789215
2004-06-30,0.027181862766726184,0.022036545627104998,0.018462442323617045,0.031326388788658566,0.017218360849470926,0.035263313759915205,0.1523881988596898,,0.010858762036073166,0.028075971794171428,0.02027844933517975
2004-07-31,-0.02375663581142018,-0.058106423385177575,0.01778778984712126,-0.017227940371199013,-0.006622525529384138,-0.032901047518401616,0.09977423863458124,,-0.030891942708070164,0.035673796117691836,-0.01668802601893693
2004-08-31,-0.015292956150514181,0.014374771021104182,0.01838115787496042,0.009378002084208026,-0.009897543487014882,-0.05322123249790378,0.047110627772494196,,-0.006395354338328163,-0.002651709987839479,0.006235897093896936
2004-09-30,0.02637550606585548,0.058550416652278336,0.00841912786624488,0.016000486044347673,0.02400825809339424,0.01417164364611323,0.07118538978597067,,0.030458721619701423,0.013200000354870012,0.02401150382627315
2004-10-31,0.0003685339887580241,-0.021471978654818646,-0.06764261492403223,-0.039461260207377946,-0.052869741258630754,-0.06138356059760208,0.019112536679447567,,0.0015534236347662933,-0.025062217330425463,0.00964544817397961
2004-11-30,0.04549769765798839,0.04844679199774449,0.017546791310155685,0.005410290352655833,-0.0036307638210575366,0.06256683688738196,0.12191240082014776,,0.0038612566162590234,0.06433229298090137,0.03503674766359954
2004-12-31,0.025896953051079086,0.036126071418571604,0.017390059570195016,0.037910796898354304,0.034998696013310404,0.05116143642660487,0.05047576874881221,,0.03115331063841964,0.011779289991722397,0.01187545077929153
2005-01-31,-0.014844402515471256,0.02369033550203481,-0.038355282884986464,-0.0005807889695012003,-0.004206525945160577,-0.0023173408986126853,-0.015465749150273433,,-0.018953410475260335,0.0794476793775265,-0.02103713547947117
2005-02-28,0.01542130099550243,-0.006315515772051694,-0.09308648418484211,-0.04745702640926386,0.0319561535578865,0.038029906840707506,0.13325653363983192,,0.03996506292727853,0.027711428901252777,-0.010612862741984364
2005-03-31,-0.0039421563926295144,-0.006778098023583312,-0.08223992248779499,0.0021924695548880546,-0.014591922929753864,-0.06824876926136914,0.04314102741374892,,-0.016499375408558392,0.037889350813318234,-0.015347305757775764
2005-04-30,-0.025500186562062988,0.051106063802368595,-0.04371668464953593,0.023223648964737054,-0.015037627072741921,-0.03716763163744485,-0.11685908407832868,,-0.025957796142759282,-0.028582102245354846,-0.0021602693906547232
2005-05-31,0.011892627497674058,0.020908039652575816,0.04179164592006335,0.022753206834742246,-0.014998676866554539,0.0492891488190943,-0.037204048400604206,,0.017120853364757327,0.03570292394777663,0.016911960937392445
2005-06-30,0.020349610710871602,0.0005713671828821987,0.046714045167358886,-0.019425949754446115,0.012978549147763863,0.0810368601778253,-0.013515501921928852,,-0.03806970495565987,0.020517834612051367,0.014737273205535972
2005-07-31,0.01662198259027492,-0.030827929145583965,-0.0054067243172128965,-0.0014830361828339633,-0.025328161538127558,0.094135497488824,0.011950533695160637,,0.0035749672934466403,0.023218015997733987,0.005507327696025355
2005-08-31,0.001663342535632717,-0.028955264985486284,-0.10752197825935916,0.004163932257220004,-0.001607485580905954,0.008832151488524342,0.0911835454466341,,0.005740082539678726,0.008234818415448375,-0.02370949287629176
2005-09-30,0.0013434727397045876,-0.046775864515249066,-0.09615787158573486,0.0352130984045218,-0.021853500575360174,0.029361108136444214,0.04383440498629332,,-0.022853240156978205,-0.06658385743484163,-0.01659316625160867
2005-10-31,-0.02769400185123916,-0.024767249431356997,-0.055644633119080744,-0.008027932670751081,-0.060829676221004214,-0.018792509297298365,-0.03940903477895774,,-0.029830021100941906,0.004476527086008986,-0.004822996056382922
2005-11-30,0.03809197975187262,-0.04206770674438787,0.07340331443492554,0.009044996989708398,0.01688993991309129,-0.02284384023235886,0.1347774074924717,,-0.010649878940971025,0.05164248687177775,0.049336048895098905
2005-12-31,0.019964420129041205,-0.03997028439591499,-0.0009948132093926532,0.027599459278276672,0.013833031041328159,-0.009616097156021075,0.05129139809406502,,0.021378553393590627,-0.02044317417886299,0.021860950285217395
2006-01-31,0.013193056887756072,0.05054565408435696,0.132842727391423,0.010530524142732922,0.007652917947881033,-0.02422533194849097,0.09766208290260314,,0.038898146126387534,-0.04922286061288328,-0.0071697563160967315
2006-02-28,-0.0016244502158817564,0.04584178713922871,0.021687258795093367,0.0269499837431737,-0.027677393951209495,0.039866119180448356,0.12688109681730486,,-0.01807917419590832,0.026577250766927296,-0.0007782133978504469
2006-03-31,0.013386257056428263,0.013393478868148234,-0.028875114586930928,-0.013016333016617643,0.015504258857273578,0.046806220532758624,0.16087992994481604,,-0.017122458456444112,0.0012353699018847752,0.028721084169227362
2006-04-30,0.006516398980566551,-0.04485234391650017,-0.02445613913475686,-0.04076023823381447,-0.019897619663512556,-0.02620765178133322,0.14552758725073844,,0.015446967639960896,-0.04063601887527846,0.009510241280537013
2006-05-31,-0.009331874489728165,0.007290085553813386,-0.037209071203583854,-0.02647653637682046,0.04124062007496665,0.01075307341456222,0.0022670825899415714,,-0.015231853822060937,-0.043558629443133934,0.03351888659411806
2006-06-30,-0.028562060975188874,0.009035208804549777,-0.04540666818478767,-0.011209017016318712,0.008387694521159839,0.0077796341742575326,-0.08760099240767028,,-0.02427524908404788,0.051056985028379076,-0.002586365975661864
2006-07-31,0.005638767158426594,0.06732801404860922,0.0034257741134231523,0.027675765892567483,-0.0048140631068334105,0.10340650191021417,0.02841912903819943,,0.002159515500163911,0.0834389052690443,0.03356849013435559
2006-08-31,0.02135718767866579,0.06131624716193729,0.017750583801050546,0.06601777268332065,0.020091244773938532,0.0353467503985454,-0.02347754389449619,,0.0263218931550786,0.04228516005880101,0.016759899573622672
2006-09-30,0.02376836714123698,0.005984412533371453,0.08700009200998826,0.023513713160824956,0.052285947486033546,-0.0007130470670690947,-0.045601312892790236,,0.04806264014072714,-0.0026408499017259723,0.010836052499833437
2006-10-31,0.03463061611972118,-0.02323324700555851,0.08938475873740126,0.020219160037471484,0.02100931442827081,-0.028949300952755497,0.12536131351350566,,0.03999852596947595,-0.09814596882865967,0.021430282062267825
2006-11-30,0.018525679442908505,-0.00867291188707875,0.005137743867233979,0.009275809961857284,-0.001215962074434307,-0.022810369228306926,0.0694598978560741,,0.01926593166351309,-0.04090032666339205,-0.010284954914884792
2006-12-31,0.020009043591154185,0.023784313723831607,0.016992243039568145,0.007326750464444087,0.015610084796310986,0.06027713492459119,0.014683421865104629,,-0.011769107217223573,0.06256513379969286,-0.011458743022425222
2007-01-31,0.005465172027984799,0.07380618258882765,-0.033555754191390674,0.01432182271911775,0.026186904732147465,0.03563369482773515,-0.022652264652749166,,0.02668003176913425,0.026982759216920726,0.007001447552127393
2007-02-28,0.014488363518323721,0.025064526419618094,0.006493764533476609,-0.004269185761726524,0.0035428699068504876,0.07633308970759156,0.10264392202181183,,0.008325599180645682,-0.007465572476959226,-0.005463370852268223
2007-03-31,-0.02619259751689884,0.024448629434851155,-0.04992940739103402,-0.02878331417650659,-0.01923511461929872,0.03493687667205392,-0.01241949541699472,,-0.04304407748314665,0.004333737340100896,-0.035479324670102064
2007-04-30,0.04029184298547972,0.05633436293265781,0.02570034642253649,0.012014683921454328,0.040348117268506734,0.0952121162744144,0.05290383194473436,,0.02632743986383601,0.005705842101488168,0.023088586443400283
2007-05-31,0.03245080335799777,0.007924270386979959,0.11113257002894672,-0.011657037303832385,0.008370789437182502,0.002987630931304608,-0.00871948069186368,,0.00837284790041104,-0.022187616679461897,0.020967134075642324
2007-06-30,0.0022186649717403917,-0.05992925265478144,0.05844906858565979,-0.007883046848482622,-0.030789459457373103,0.006286066592495532,-0.04662968543818102,,-0.01795656185648864,-0.014779157835159373,-0.009726316773107091
2007-07-31,0.0041038507997028795,-0.024054228474134298,-0.03108308519976688,0.002725955925441337,-0.022428715098484986,-0.0538193678855432,-0.06159205886313479,,0.0041262866388029895,0.011753294945020087,-0.019793249868943485
2007-08-31,-0.04345866531268194,-0.007630995077791081,0.005219468151050677,0.03643225489952662,0.02178856223952308,-0.07498355285585057,-0.1258446309128436,,-0.036716704083784024,0.009008512210286979,0.012117542151371952
2007-09-30,0.029216878732432283,0.0065302041180943515,-0.0352698033933303,0.05242089814900264,0.006378523479082299,0.0544496969773447,0.10279148624436019,,0.0016567158490428113,0.012455671542037194,0.0194250728954537
2007-10-31,0.02841620525259203,0.012666184068252706,-0.0018522369532486538,0.04292720051273524,0.007581547903846353,0.05169232632488363,0.04191230299997151,,0.00044873392380773147,-0.14360272904538451,-0.02041927077340533
2007-11-30,-0.04953919681312713,0.024962416543213406,-0.32753929857461883,0.011543586911640702,-0.014888211676364782,-0.029420729751774344,-0.07838209323513823,,-0.16044499540060142,-0.007190208125930964,-0.10834473576059389
2007-12-31,0.010823029830308473,0.050327613096622814,-0.1270193987237559,0.02842026594411684,0.0050180629210136996,-0.03145596968401787,0.10071516283225579,,0.0015706281577976267,-0.04149237471834677,-0.014730813974860535
2008-01-31,-0.06791380279152048,0.0036732288219478715,-0.06353332469217088,-0.0679839445477971,-0.03713464677267708,-0.047794952041391725,-0.0917140680831443,,-0.055369208197427966,-0.0767406843739391,-0.06957698283603586
2008-02-29,-0.01732805554431882,-0.03381319898017965,-0.11668172552932377,-0.0361957015127401,-0.02130171383729962,-0.0001459609573309928,0.14526934166677852,,0.031186734002424554,0.049956355221959514,0.06134085478413076
2008-03-31,-0.02799489717901471,-0.05158857347853962,-0.145950767217773,0.02263540890634408,-0.014121237106072493,-0.024737100288304115,0.10807973369582546,,-0.04524691497314026,0.01717783236542081,-0.026354048470183522
2008-04-30,0.04064420489733722,-0.009206525020164835,0.10263169997590138,0.01487134636569487,-0.001874336537301735,0.0019224539259441453,0.04540689286400079,-0.00046212587515559456,0.010370436533148064,-0.008339870584851972,-0.004579629547984854
2008-05-31,0.023895848959020416,0.025487652653123583,-0.003054141534225785,-0.0420698843547298,-0.008912495492756745,0.08146810649834935,0.07253947034705677,0.035368471450247796,0.03567301196377071,-0.02055237396116749,-0.020728025047967558
2008-06-30,-0.044160400229441454,0.004212063556038093,-0.15015428167384526,-0.018280480936907817,-0.02513802080283234,0.009914327561799885,-0.01639285864871376,-0.027291491129005974,-0.03766070452866932,-0.014475910909827028,-0.12117584750999955
2008-07-31,-0.06257188330369112,0.043114733294809415,-0.4499468926501603,-0.010151500484632314,-0.0707654391614787,0.04065072700338623,-0.18786804314128358,0.03186056051853203,-0.09125734656442874,-0.0563711685332724,0.035801936226200315
2008-08-31,0.019204241778490783,0.03237788079682935,-0.40238038740019144,0.08477429148728777,0.06221341642384637,0.0015994714687201927,-0.16496028673432162,0.04719120514045638,0.05909019162580598,0.08834343463879923,0.12243611587753334
2008-09-30,-0.0502933275218177,-0.0011513296955592,-0.7263341135637023,0.014860425577360559,0.047313973083341176,-0.04802245782698067,-0.11762810191956441,-0.050227317319251785,0.015255106879172642,-0.06554869729456159,0.13871950321868765
2008-10-31,-0.20395835691668396,-0.055465823879954246,-0.5253535764788043,-0.09959220469993213,-0.06316319393458514,-0.042634645054120957,-0.24563152420242174,-0.16662083294480834,-0.26909877095090207,-0.2634982786905259,-0.043983715648793775
2008-11-30,-0.08852216082369524,-0.016694297884125797,-0.39218298851461786,0.0012854191445828,-0.04019017679975612,0.037766659233337,-0.04048940791715783,-0.06368291349695565,-0.05075633512524558,-0.040270827279490495,-0.1273393054225681
2008-12-31,-0.0062043696275756455,-0.03514732230930895,0.16917493590307076,-0.04596828030511302,-0.08171469303470913,-0.035425013038400954,0.2532484090251943,0.03290173781414363,-0.011330495316055234,0.05090090878410125,-4.498208137815318e-05
2009-01-31,-0.013658658328626005,-0.0033917051914458263,-0.04543760019134757,-0.032803405521340756,-0.014933837489860435,-0.05051705484511626,0.019918722444786763,-0.009184407844308407,0.023114793886066964,0.06585077314584908,-0.2453362570222366
2009-02-28,-0.06972024005728017,0.05040582312792652,-0.21542054214390127,-0.12698861240601045,-0.05356077652453883,-0.12415643236776641,-0.03924305992908417,-0.13603822654329456,-0.1060053558760633,-0.026764704233550374,-0.28314676033641173
2009-03-31,-0.059735369488364554,-0.13894227452760666,0.06006806506747897,-0.08623510534842893,-0.06987619445719406,-0.03512572811095083,-0.10299254518999912,0.0011029814572574015,-0.041969649406568554,-0.07022876937831657,-0.12721375006169888
2009-04-30,0.12022435729956138,-0.0723994430901127,0.3433113611826606,0.05786766374058083,0.06996866295665649,0.006138178018376461,0.14476670540279257,0.029557796225885502,0.15629434844434242,0.20357152473544304,0.3708412266870742
2009-05-31,0.06397038454051596,0.0077507188813812355,0.01478658086326079,0.0439086819094352,0.0436127753999449,0.04348766094832324,0.0037126710932349205,0.11653044599597528,-0.06678361641509667,0.052011659072580985,0.37032413879113846
2009-06-30,0.02627025241527292,0.043437284422934486,-0.17694292766159148,0.0039850797622953404,0.019046840653345276,0.0038291544081585638,0.10348838395092774,0.04449889664730855,-0.030378069480277325,0.002011745168152279,-0.026775193841814815
2009-07-31,0.01048073146817563,-0.010419132535330333,-0.1261324249059358,0.04535298611326444,0.05425080866129628,-0.02793078361322998,-0.06072220384270266,0.030782201899209882,0.008811573357370373,-0.02768386734824635,-0.004875134235311607
2009-08-31,0.07897168891346218,-0.010992110452662462,1.0818713923384853,-0.02191897514322072,0.07008281229380997,-0.00888507800538929,0.07510295073914675,0.04644131161037768,-0.006659833414284,0.058706661076626476,0.1305027862601822
2009-09-30,0.034492196839538414,0.04006320526284379,0.3659711003148731,0.051416714088669435,-0.014652741795441515,-0.007509060928974298,0.007390136120857704,0.020616554088271455,0.08308045302407185,0.09084462585016762,0.02235133532585909
2009-10-31,0.02212550312637962,0.08655984608419609,-0.1940764869046404,0.03027432128975538,0.032161866818431584,0.08256330813459156,-0.056747617293823605,0.0460077296075152,0.05527427270887886,0.12965614920927337,0.03863821119817623
2009-11-30,0.01911217735124482,0.04122393975514704,-0.21652749514366276,0.07134301000278964,0.07559710878988213,0.01113252133031617,-0.07337508163516804,-0.0028753045990926873,-0.029649538966954325,0.01005632769592335,-0.039645674544312226
2009-12-31,0.020503036029540844,0.02123726924833602,0.02544745204377641,0.0064030462014543765,0.005739495986844201,-0.09852789369940029,0.07690262540475956,-0.00694248602468861,-0.05857948892408671,-0.04116848582620136,-0.04997680278866368
2010-01-31,0.011891320259621585,0.01579312362974883,0.029518360382891906,-0.017216374773287302,-0.04364602645395799,0.004825333949484367,0.05328577955564828,-0.016079923453111267,-0.04844931814384468,-0.024990327769721987,0.06188804192248121
2010-02-28,-0.030635596806751653,-0.013717574185814096,-0.06575743521346711,0.02736954265322966,-0.03562569399166893,0.0316265070118833,-0.10281209778394151,-0.0036422404667726394,0.023486286202122564,-0.05981509788215644,-0.0248920776655851
2010-03-31,0.057740553774731085,-5.077459875324486e-05,0.04832933424364838,0.01689564733806037,0.02573614928735224,0.017574315952344044,0.07419947049342923,0.06298491571690712,0.06730551509956739,0.022092435142652356,0.0875014664571181
2010-04-30,0.039293039969678034,-0.0396499919794473,0.1253864001074365,-0.008384723122708881,0.005757810845464562,0.03951025523473084,0.031480087627910214,0.001801853653590424,0.05397618537781068,0.03006768769095447,0.0931653158834096
2010-05-31,-0.060346782770544394,-0.0665051238422889,-0.14942024104232643,-0.01785905618811956,-0.0014654136763037062,-0.05357745641335654,-0.03492272821754472,-0.09799743195377597,-0.06631516998537557,-0.052102830860100036,-0.048443711476730655
2010-06-30,-0.03706561067465297,-0.02267405432650038,-0.3457776094780858,-0.01317947911042927,0.0048177153893453895,-0.07892389077293716,-0.07491189422778077,-0.02433973796355615,-0.04288479557725655,-0.14600551002315765,-0.11228552317015905
2010-07-31,-0.003283817367172648,0.014339436824141405,-0.5329544702273479,0.00808523320751564,0.011656210880787166,0.03288908170636673,-0.05495417659431079,0.09524718415266542,0.044035529890028124,-0.027398168034690418,-0.024746659613606115
2010-08-31,0.006926200998882415,0.04132919370845656,0.13370628751177116,-0.02531755125913615,0.03810213858619016,0.0359349863983256,-0.013097854415060728,0.04927099078564101,-0.13147356105489982,-0.0201982387239652,-0.04415321887876533
2010-09-30,0.03200606994598609,0.029719736505213312,-0.19664445958350452,0.010959246429791403,0.01730480994544159,0.00045231444981896907,0.0050866842830481485,0.05749195528424189,0.012986811908881402,0.06125713542083577,-0.0024113403346714968
2010-10-31,0.0441161259917775,0.02271487681175155,0.19594593674496874,0.027228161103554305,-0.0075739619216128595,0.018844783082481165,0.005966222939475241,0.04631668390607291,0.05909648076538909,0.14446436410152996,-0.00157826130983596
2010-11-30,0.02330584564996019,-0.07566708555979385,0.0790960457209382,0.021437243341498435,-0.05284864725371663,0.050454186947319624,-0.004536782276928664,0.029113262796046202,0.04285185750476406,0.01870987571313809,0.06959012527739161
2010-12-31,0.03556368089695794,-0.022564850422742366,-0.13666110141511167,0.00017700566520861827,0.005691740820617186,-0.057150158452584976,0.1053051232875748,-0.0049873293332575175,0.04691760881828522,0.08013492941079425,0.09629829248681543
2011-01-31,0.033098836629368966,-0.003585753543988157,0.23849492442734932,0.021253150211611338,0.022557765503260052,0.001816393668323757,0.04244552470112195,-0.030575137481094306,0.008059071475216895,0.09160683122710545,0.06879266994152933
2011-02-28,0.030016242592460163,-0.024248997914071868,0.583006347133759,-0.01915327502493669,0.01879905216131239,0.04716980951314054,0.06967070085534521,0.05336955204189864,0.04411665830477651,0.034372940271663266,0.024077459014619107
2011-03-31,-0.012588864375802866,0.04046531928723951,-0.32289111798037007,-0.038283277989188846,-0.004765792236149147,0.04688589993083814,-0.029391498967825003,0.06005726565188785,-0.01640233540641467,-0.028524707883276657,-0.030340075945488376
2011-04-30,0.020711978862631764,0.06003799599439197,-0.05985402589381161,0.02856627102978515,0.011500664891517909,0.024299971934717446,-0.004897490307835706,0.045055728571764764,0.031223699338933875,0.018244379677930578,-0.04663537032990783
2011-05-31,0.005111099434332855,0.0378604901888675,0.02648202783095166,0.052361262584244006,0.033734674066502324,0.016957463225355074,-0.058660723806288284,0.04038754929072086,-0.039129168759928556,0.046555212354729036,-0.06904605462890367
2011-06-30,-0.03812405716589218,-0.02505599350603016,-0.1516406373554796,-0.03116430564926076,-0.02612373304411597,-0.0292270457367928,-0.07828041494018811,-0.022677897028041683,-0.06992054691749483,-0.01582670983194845,-0.04759207607333216
2011-07-31,0.029438512210940848,0.021073232882548698,-0.001065265135838045,-0.005426894665729987,0.010858559302945325,0.05338309478039771,0.0006323418084119847,0.021564147647402443,-0.015149997945255178,-0.034987396399023485,0.047635836872705006
2011-08-31,-0.10555424500597987,-0.05452370356500469,-0.16358536127293355,-0.040343709281662976,-0.01387973304643153,-0.08482887750984336,-0.14303433230488372,-0.008276824398014582,-0.1359247349956202,-0.13869156840330343,-0.11958813707174099
2011-09-30,-0.009640210548039652,0.029167298229710648,-0.038327534324117174,0.021155824676216906,0.05269093603752606,-0.03167303012834266,-0.025969596989344534,-0.030394760958932898,0.004972306657091474,-0.011323317430027013,-0.017902445909924958
2011-10-31,0.02839911737844436,0.025085584314498366,-0.13020833579907432,0.02833898066525009,0.026318883610392696,0.018205471716401078,0.05900864172582776,0.009466318166618803,0.02914046123452163,-0.05442862425841122,0.05218578783099903
2011-11-30,0.015903187317457768,0.01562966680339195,-0.07784431461868047,-0.025690804560205005,-0.014789697067937091,-0.0047735788749330155,0.07492168370708585,0.06631671012521645,-0.059531175137801706,-0.030664467365154158,-0.030697034531376954
2011-12-31,0.013786588055186622,0.028800052336139803,-0.05411254472968996,0.04027572781564692,0.02403505852007015,0.05637950417209381,0.0450320996589435,0.0696695266864169,-0.016102925273886015,0.04044877041736483,0.06883024774980107
2012-01-31,0.04605012154864685,0.010511545079705309,0.07883294938064989,0.0025125355826518536,0.014924187154766289,0.012654587825092323,0.06876458841550392,-0.006353679943159829,0.036969744058179765,-0.005709495705493395,0.11291804138379669
2012-02-29,0.03991262673913831,0.0028529871271847362,0.37193763880647324,-0.012255860730492785,-0.012395427711790807,-0.01976088648211516,0.0419822106254677,0.0578903474187058,-0.03683853531442527,0.010166864540231968,0.03219431343416801
2012-03-31,0.027174004441206545,0.062192881102653974,0.0020661170269427043,0.037802853530762404,0.015071576347319704,0.021291019849660087,-0.02748223171059827,0.06709301461020556,-0.025984557662523722,-0.010558867933026406,0.07700248980444835
2012-04-30,-0.0020234198074331466,0.0252359883430342,-0.0863033780550464,-0.00986534212259782,0.039315198689603204,-0.031139483392453093,-0.050665705675906,0.024553062308925178,-0.05366056154813981,0.02140942279493596,0.018133585222647852
2012-05-31,-0.03257020005310607,0.023684342669173297,-0.015151506744992882,-0.04581110761802076,0.04378816759407744,-0.038945010027204296,-0.10630046207637367,-0.020095732027738178,-0.1340925566514266,-0.050268214509027964,-0.032218660060147064
2012-06-30,-0.013262345786289598,-0.0014260417133973302,-0.0638298369196515,-0.032576471197097945,0.028509793893048085,-0.010966428142423323,0.007730847862150281,-0.011498414540658364,-0.02518958239088731,-0.0685491407184694,-0.017146705408115248
2012-07-31,0.027421485218505515,0.05292334089731354,-0.06593405150855625,0.03493986247003922,0.04554741224667658,-0.012158449330007204,0.03457947270171324,0.05121286159455796,-0.043445204748198796,0.06208403079800373,0.053523396389525635
2012-08-31,0.032117093636446326,0.009216038699802365,0.07774937420352646,0.04519884515906658,-0.014619085436652579,0.006297685184115442,0.03641325424922992,0.02023686225722443,-0.016421385091221707,0.1100133106105019,0.012343076073981774
2012-09-30,0.028480717975589487,0.03643374626669127,0.013463899814669888,0.03640469758164411,0.001729118228640747,0.05677065739420639,-0.0121725730689759,-0.014530149075981158,0.04910209639720153,-0.0024986484960425326,0.02489184421504942
2012-10-31,-0.0038816229336198216,0.004312693452807714,0.02862814370848077,0.00010553104221799892,0.02318592093862959,0.03648216360772172,0.012978426208533511,0.005642791966731453,-0.023017931503195532,0.007945874408614495,-0.005986734624424228
2012-11-30,-0.030118078284999905,-0.06336116085198429,0.0034904031661695534,-0.009092219629627363,-0.014135639000544264,0.024037607078128964,0.026192462063361788,-0.038154845042336016,-0.15936363836268264,-0.07641372120187728,-0.05287767142254807
2012-12-31,0.019915997138066466,0.01555118611592543,-0.024869589446847695,0.016598166312292717,0.003393685196905416,0.06341827039588832,0.0402119090176325,-0.005365546837305724,-0.06948364697100606,0.09608616681314563,0.03004283126231755
2013-01-31,0.04085659932987773,0.05736051471381609,0.045122164736251635,0.018382850596500466,0.01514412846251556,0.008886973172493429,0.09609417847928392,0.01699274174951171,0.09601828969133308,0.07240809092464473,0.03587516253562373
2013-02-28,0.021559337647444332,0.035691342209200894,0.02793243751324792,0.08015895490250013,0.06294428904761395,0.06003252298640693,-0.00036473060735020546,0.02651666128417185,0.1304581395016109,0.0570487967161315,0.0029100453095285417
2013-03-31,0.0254692252659503,0.0007199421335295497,0.7692660889795326,0.009010972361735314,0.033943987521988905,0.10726769584224138,0.0015057096528030556,0.011062166214817148,0.08628738087745513,0.05313074978030463,0.0505009090735018
2013-04-30,0.012814616922977473,0.06847527048875812,0.6148678925576816,0.025265519594238617,0.07027426467793418,0.0621093723926911,-0.06101351531560728,0.03040571766507094,0.0074793978817124795,0.11534159100792585,0.007985819985573572
2013-05-31,0.044018818895814604,0.010377789920976266,0.880754286695465,-0.0005699918351523836,0.016230125536361717,0.038010969501981906,0.04156211199270721,-0.0016635995150071636,0.02156807921745174,0.016271376654342973,0.05558137653915729
2013-06-30,-0.012848919794904323,-0.020056451714756784,0.17168977632442028,-0.01771817514902907,-0.05963940860224737,-0.006330720585657423,-0.021787884175321404,-0.042156925289907554,-0.03648664953029401,-0.017852787085469224,0.03676446649941645
2013-07-31,0.030827634163519857,-0.016036439766744848,-0.14401490600728284,0.03342065190978216,0.015929997335018653,0.10550441330183946,0.023443060378619318,-0.013973221363854926,0.001253923278617286,0.005107598730255569,0.05890532309040353
2013-08-31,0.000849893399467172,-0.014432081103313399,-0.10291090894587984,0.0008285378780410468,-0.021927015338927602,0.004502187806423974,0.03156553842819343,-0.026920732187305507,0.19355039318970713,0.01311546513116224,-0.005752526088887655
2013-09-30,0.010226891003329408,-0.026575071568737618,-0.10334316651733866,-0.022312999044442727,-0.015403810226362946,0.030609945542514838,0.04038998393097182,0.004541376525089902,0.0076648703073467495,0.0785432166154918,-0.01615886577155734
2013-10-31,0.01947222795287784,0.03198218113338047,0.4265485001478546,0.003909035898589153,0.04915776284339968,0.06171281776212534,0.026682507794679067,0.004798446079236518,0.11831834354400983,0.08125690955448706,-0.0035232046809953177
2013-11-30,0.03692644882489837,0.07102853249589036,0.48457107364163177,0.06190997494875061,0.08998662846360794,0.009567877680183301,0.059227645020024866,0.020339770431009097,0.16124085480118722,0.041223867691697835,0.030813098944665995
2013-12-31,0.013587705700650599,-0.008766886595466095,0.08492229086926417,-0.012095118525044302,-0.03322588329469123,-0.04517727723525333,-0.013390393677865986,-0.037846436816285745,-0.004757599518193434,-0.04017565560194147,0.02702937885852119
2014-01-31,0.008065951142414596,0.01854506608184603,0.07983332872390747,-0.03560116939066171,0.008681158131244926,-0.062440809731098335,-0.02334470629409746,-0.034516110907777175,0.029118845408836025,0.017226796827212842,0.03191100824130255
2014-02-28,-0.002920351357891371,-0.0009176453741690516,0.1117456336047169,-0.023639915823417956,0.024542173538340428,0.006042096309960998,-0.030392486560117282,-0.044323472649481443,0.08223874378229645,0.09046563391068774,-0.005217238921680245
2014-03-31,0.025584871357444916,0.025312896966294796,0.18020270476117028,0.01602059265323419,0.013482356709697774,0.14833380138758745,0.011885622261313733,0.0167573891532935,0.021617816063886464,0.04466751941817404,0.05602878309898518
2014-04-30,0.0003970951325840133,-0.02367057818991758,-0.03270203472181665,0.027709269774935708,0.00498093507740438,0.02720634354388851,0.030721919043995793,0.04066499430272752,-0.001520654607826022,-0.005360944729553618,0.018702110777766734
2014-05-31,0.013680367443846597,0.027382421933788592,0.09291012847760505,-0.001144203257414378,0.0024587015375672205,0.04191540238323843,0.0063731898399812525,0.030214736830697086,0.03638423563354265,0.04883244596682301,0.012012774373869162
2014-06-30,0.03033202777673427,0.025076962277422066,-0.010348270994404607,-0.017029999575928212,0.007254761218892014,0.03738995509648535,-0.026340905514658175,0.025715667936404785,0.04148671442515961,0.0661196115127447,0.04835322890247129
2014-07-31,0.013359632571759317,0.04456560218680372,-0.018838031794565557,0.005179215007759197,-0.005431202206135355,0.025815668806616676,-0.004964236581429415,-0.03861700197483475,-0.009861946947393063,-0.027959334886256793,-0.006962985552214862
2014-08-31,-0.005862895903286591,0.0019680247393947248,-0.05253618816921246,0.022345048087991426,-0.029098974993973292,0.008721667632699992,0.042683437092280396,-0.008665768466846635,-0.02990576809545764,-0.12957498986979543,-0.02045265170801025
2014-09-30,0.01615792407500316,0.013127289632328232,-0.15783744289578716,0.024919318337345064,-0.003919674711848731,0.03886552109874808,0.06304455331745995,0.002062664820808191,-0.014331260475221153,-0.010800785215063002,0.025818943111650672
2014-10-31,-0.028070993833962277,-0.021552968091229863,-0.3759623834801433,0.004637949362949589,0.02039309634001807,0.02713315127022886,-0.08082294868130968,0.017379680285306343,-0.08285777346320566,-0.00739904172273631,-0.02262621827425837
2014-11-30,0.055385936747591735,0.050834176733555614,0.10598202322570072,0.05257483785235717,0.08157542657949923,0.09013888978236895,0.04980451806679698,0.018927857391843883,0.028998848286077017,0.09251660899547676,0.05709216950019602
2014-12-31,0.004741460543563836,0.027520845212070322,-0.011227729661401953,0.02717805971736409,0.015219066438826312,0.06959309407663206,-0.044133414301828267,-0.03524230419059049,-0.005736362871417877,0.07531359632737589,0.01649557809434521
2015-01-31,-0.012699352878132841,-0.012951209584604717,-0.01866210443284455,-0.019507142186391713,-0.006820052128229226,0.06982604037668216,-0.11722715015244889,-0.02436753411716186,-0.02342892484693393,0.04400160246290441,-0.03719186512446715
2015-02-28,0.026633397692275462,0.03666452258456521,0.1891584089517313,-0.042721744161558384,-0.037071169513532065,0.08067732886948309,0.04918596480851534,0.0014945089085833807,-0.04958885881906727,0.03340627527515494,0.037242762711370725
2015-03-31,-0.0010591485620145002,0.017687648688041957,0.0008335435360031784,-0.027095568028445927,-0.026850768728076124,0.044311137923623845,-0.009429070173267107,-0.04392601476523195,0.008216525011980336,0.0910239255780132,0.009894792145401787
2015-04-30,0.007150225074581629,-0.0009813181101662183,0.015365206993437575,-0.011994343779746064,0.015469153788383094,-0.023063320488757477,0.012138901032356264,0.023938766486697904,0.009554298231605474,0.03252182171316487,-0.00901812793516743
2015-05-31,0.00815360236137841,0.023580874270097363,0.011987574004481694,-0.025786418289711066,0.016577726209191734,-0.01670393750465038,0.015288129585252053,0.04627367848100428,-0.022979459016037262,-0.030580810075418463,0.022053301998439023
2015-06-30,-0.005994412181842157,0.02037496342127243,-0.09141125812124651,-0.013080369327884589,-0.02971917796536394,0.0029396839675464026,-0.012732644758008727,-0.03388284064547864,-0.04225357975992983,0.007612711863483446,0.021579390037916424
2015-07-31,-0.0024484691597161934,0.023069723722176194,-0.03776712813150762,0.020435033630891608,0.03615940666977835,0.0562496516800608,-0.08851617965595471,0.02664335585479649,-0.03911070760779156,0.08491506993517284,0.006306731870704851
2015-08-31,-0.025918671957449235,-0.03438834788784406,-0.03140870629171155,-0.08408207790146516,0.016299002508409988,-0.03335864846438097,0.02145042427773225,-0.007778901836737906,-0.015703725237311228,-0.02619573927476193,-0.026805425427620544
2015-09-30,-0.04679905988181765,-0.11818324339329345,-0.008490377440410368,-0.05188654849861696,-0.05956754449015089,-0.028780408962247872,-0.09216886348534636,-0.04024825107730712,-0.021845884789257863,-0.033804743758656164,-0.07097474268287352
2015-10-31,0.04135477954601585,-0.010233473153721806,0.039872423053278316,0.06718948150762372,0.09442375854924134,0.04607409408165841,0.02059598885012459,0.07720895598792077,0.02745378266458065,-0.0076165679377731,0.022907148765354268
2015-11-30,0.027559974834692857,0.07031981252995467,-0.07651456282024915,0.013365873223267544,0.02991074897281143,-0.009036480277333725,0.010695208250833144,0.002302582299071654,0.022040598407892853,-0.037522298005185584,0.0438478901554622
2015-12-31,-0.012754364754836267,-0.004259139678427615,-0.16647637826163975,0.03775367439760613,0.03391723890260434,0.11047761886567531,-0.03304527578397232,0.023112277538269055,-0.037496484825182086,0.008021925198239632,-0.011493978980776864
2016-01-31,-0.06595736458272128,-0.10095876629501876,-0.20403748166301994,-0.015659955074501575,0.01696208859555326,-0.05253669294365304,-0.09226157811713576,-0.0064759962847287245,-0.06302416351850659,-0.04790421798320654,-0.09033489288796492
2016-02-29,-0.007390498019857028,-0.0582100730624987,-0.04724638765836231,0.05222330550743548,0.031741455689942466,-0.016442495496180598,0.08000675315116479,0.03270845528430977,-0.08366411440911636,-0.035222457811373786,-0.041083349042726924
2016-03-31,0.06171731539292202,0.054101170628886974,0.1353783626527867,0.012961979194877182,0.02798462297022475,-0.009326276683112034,0.1453517749984179,0.06466964805224862,0.16793798042524832,0.05668786200286302,0.036691480454026815
2016-04-30,0.02649968246302259,0.06705514712465543,0.044285576122022,-0.005790368781912303,-0.0027857340997735625,-0.028510182364022918,0.0772225947377676,0.03024738113065828,0.04684792830032625,-0.000410487222343936,-0.008036832345305611
2016-05-31,-0.0048106881943599245,-0.10973228304474514,0.15757398967887615,-0.009566824479385616,-0.043071100777854254,-0.054810720094845666,-0.02137006581234513,0.004045066913761053,-0.13806112143966753,-0.03730820962683046,0.004368943165784289
2016-06-30,0.008879419663262222,0.005030245593035998,0.14239158088816728,0.02075950354131262,0.03305646307225252,0.022907000522818022,0.040388272698306915,0.006559743636670445,-0.01319469350352298,0.03655851595750503,-0.025819244656960727
2016-07-31,0.031196736068868747,0.10280053201583406,-0.09147464752767098,0.030641438892377693,0.0199306569473805,0.01856449214138345,0.08142487034728707,0.009157145388305477,0.01898594808839138,0.001377368151561642,-0.0019795803097365505
2016-08-31,0.013299903801676782,0.046491753570765626,-0.04464709684374224,0.016497812924102684,-0.04161496356102101,-0.10846704390374551,-0.04834687836431395,-0.01651603881235797,0.0022374707625980594,-0.004541515630998472,0.01471970800014577
2016-09-30,-0.009089030875517712,-0.05750983940057386,-0.07314338674387144,0.014335276142642295,-0.028353460808511755,-0.050594725191519196,-0.06184471549249526,0.0033160525347346592,-0.027774151779386802,0.0037711241183833177,-0.03316675937423641
2016-10-31,-0.006798946998551325,-0.015294421785212009,0.015548289454163866,-0.00756474611173763,-0.0454284254683307,-0.016084546743722172,-0.007835620196247062,-0.03744833023122063,-0.03005234586537109,-0.01785130816770175,-0.03751710549086573
2016-11-30,0.010249433570586053,-0.04276216512227571,0.48321244397171426,-0.03816104180570412,-0.04435337946143125,0.07978015844084019,0.20525499377397338,-0.04848544773911212,-0.15469929835589158,0.03259758455588613,0.10740947570986448
2016-12-31,0.037710806808396446,-0.022070040206639496,0.5003621948257551,-0.00014717225577964843,0.004096388077502233,0.052974263840615654,0.09577198383126695,-0.011786325699916667,0.04958092854017759,0.02831849006836884,0.10896227776429868
2017-01-31,0.01267985620445633,0.054741913866691805,0.007543754931645941,0.016639481202209483,0.02284975805638534,-0.026467754701836155,-0.037609425134118246,0.030938554795256756,0.03297191875264316,-0.02850608924204412,-0.00505040535990986
2017-02-28,0.02408429426761849,0.07906827087933155,-0.03912612437728391,0.0459103904942999,0.08173056202322848,-0.009285164490482223,0.009911454085730353,0.10801450851442396,-0.16275859527841297,0.015350566445006208,0.03788774642263548
2017-03-31,0.01584250884114402,0.028623465954107585,-0.28182683201933645,0.015081139416236011,0.05054284562975053,-0.12163317645468663,0.009472761079490466,0.08268035603789237,-0.024720629249739057,0.009682540091668912,0.0029166006019767377
2017-04-30,-0.0031741782376831784,-0.03036177203184698,-0.06845692206623688,-0.015106359364482791,-0.011246479401072484,0.017734727569778563,-0.02984916737626153,0.007596494291209899,0.003855019042097396,-0.014804236697266049,-0.06312470637588552
2017-05-31,0.015274141314355338,0.008066481358405486,0.0404549960658791,-0.03217540828398879,-0.027501196026316177,-0.017467453513162923,-0.021033770890300563,0.013073943258967491,0.16155662717613262,9.594950238844824e-05,-0.006738055115066421
2017-06-30,0.016131102847407375,0.0865095829726521,-0.08121046805211596,0.024592656907131305,0.020142300085661757,-0.10570909925938332,-0.01377296656011473,0.05386996371116681,2.981902450516216e-05,-0.04286126916710531,-0.0030995686714377912
2017-07-31,0.008265066248160702,0.029688530852973516,0.008503915676946194,-0.004612334009264862,-0.04395317808051802,-0.11185341000599669,0.026593910510852137,-0.01488813762539165,0.011008425742546457,-0.015470538232877584,0.02973259239870285
2017-08-31,0.0008640909595527546,0.0011065488646906374,0.11435657000702171,0.041588518113062634,-0.024849561385902996,-0.006961377492770593,-0.05933772982729968,-0.0245521733761066,-0.16974894446906563,0.029634760418236983,-0.047928395216648045
2017-09-30,0.014908242763181923,0.05520311964098834,-0.003721897339882707,0.009692955552537796,-0.018393471771496195,-0.08425485805953148,-0.0200183291674223,-0.0028496052965016894,0.023745702452300232,-0.0069006195419695215,0.00014378470661635667
2017-10-31,0.02573618975073222,0.05638077723470958,0.1332890163764946,-0.026491730296106297,-0.035417998286108365,-0.019299888391482445,0.0554055937560507,-0.04142000366523335,0.06265848317986178,-0.13511450408779468,0.05156802000676097
2017-11-30,0.014316975034266433,0.007399619756196962,-0.06760520676437376,-0.024100085260799098,-0.006313071881916876,0.0847536893014662,-0.020147472554229218,-0.06874809860060616,-0.25749478000569515,0.0038143587890979713,-0.0029521340876876856
2017-12-31,0.027272761706199855,0.009623366883261264,-0.038408306030235484,0.03545611189188613,0.047753774825112005,0.195245846580284,0.08818036144011399,0.031825732574466414,0.058656507710201033,0.029207791835231367,0.08984018869245913
2018-01-31,0.047089809631251756,0.07353176815833873,-0.2076629236641364,-0.01706312486332484,-0.022055500639922343,0.07659300406721559,0.11241986244633662,0.00294806889738064,0.13775827599414048,0.0546265151284584,0.0660581408334906
2018-02-28,-0.03034212203679243,-0.01393688105478219,-0.1712916560022909,-0.09209794359216927,-0.03343298652756521,-0.029198795068773542,-0.047813882342803926,-0.03450343787215149,0.005015213377628003,-0.07354788069176676,-0.07233273519183436
2018-03-31,-0.0008803289907016731,0.03762988242594956,-0.14064581421723754,-0.03411025478598029,-0.026704737344685703,-0.12868820305076323,-0.0013425381800102887,0.0031376050293712154,-0.02526933607186088,-0.03072791158825705,-0.0642540906059823
2018-04-30,-0.018184507893914903,-0.04038077253935102,-0.04069238594232216,-0.030257745530640756,-0.04585511790450225,-0.009116533243468283,-0.04199977079867934,-0.08676616035500129,-0.11674928766830428,-0.047826127678819996,-0.05918250469646602
2018-05-31,0.018038873621396334,0.02851832281908684,-0.04968488621553169,-0.041976526096693,-0.015190651841923808,0.011751517977284909,0.0188388254571763,-0.14146570494863542,-0.1650891084262185,-0.015584263589372593,0.03597790741165596
2018-06-30,0.019566682819531334,0.027598352513760638,0.021636787335812313,0.045241986934565714,-0.013668942171306542,0.08424529400726533,0.03468065264315334,-0.01287386735652618,0.02406455801338092,0.009498735408824288,0.01498912947362463
2018-07-31,0.01426486394991855,0.01642565217241576,-0.016628642324254428,0.03739610263233173,0.036350632036270314,0.06854434519550123,-0.007836278860642754,0.04092021234093379,-0.04140176411658569,0.008193632813188634,0.038847373112121275
2018-08-31,0.02297253586471726,0.029277455595971835,0.11920480833591385,0.04307952175413399,0.083076255824033,0.0767260072186684,-0.02728418073361749,-0.0023455644224239514,-0.08863038630218567,0.05039008848833193,0.030704810685184603
2018-09-30,0.015284404950741237,0.05578470900970789,-0.06681091256190264,0.0088811809531677,0.0033480278529165464,-0.016409797873034204,0.0014495905409752652,-0.03359742358463891,-0.09596335749052765,0.03586227547763521,-0.05234457268640513
2018-10-31,-0.039991629627507685,0.011722267580263956,-0.08811594473748863,0.008758016307068628,-0.054018533614708986,-0.06411438944658321,-0.04830300764137507,0.07318278767018183,-0.05357025288047157,0.06287962013651915,-0.053506134119488014
2018-11-30,-0.022342180897639508,0.017121135160058865,-0.08474859548663927,0.0963639843005566,0.01307111693727303,0.07651276027203169,0.015851648739037216,0.01182099732186681,0.1730297965728287,0.08879364596402439,0.011015500329581984
2018-12-31,-0.05725699068447987,-0.00464107706803818,-0.08518346056405945,0.0028542553713304386,0.028689057439504007,-0.060762092932206135,-0.10352411311430909,-0.11693097937940822,-0.18017411399588745,-0.0745528295734681,-0.10691188227344561
2019-01-31,-0.022310283885039417,-0.013963546852698183,-0.03952204810848603,-0.01362135073491566,-0.01686230235783659,-0.042618010151971086,-0.051163114876564775,-0.1234536077608952,-0.074386051595562,-0.10143255695481668,-0.011000489157578341
