date,MMM,ACN,AFL,ALL,APTV,AGR,AVT,BBY,BMO,AVGO,CAJ,CBRE,CL,CMI,DELL,EMN,ECL,EW,LLY,FITB,FLR,AJG,G,GVA,HAS,HCA,HSIC,HPE,HLT,INGR,INTC,IBM,IP,JLL,JCI,K,KMB,KSS,LDOS,LECO,MAN,MA,MSFT,NEE,NOK,ONB,ON,OSK,OC,PAYX,PEP,PINC,PFG,PRU,RLGY,RSG,ROK,RCL,CRM,SCHN,SNE,TMUS,TEL,TDC,TXN,AES,HIG,TKR,USB,VFC,V,VOYA,WDC,WY,WIT,WH
1999-10-29,95.063,,51.125,29.0,,,54.563,55.75,38.063,,28.438,,30.25,50.688,,38.563,33.813,,68.875,73.813,,51.75,,20.688,20.625,,13.0,,,32.563,38.719,98.25,52.625,12.438,40.125,39.813,63.0,74.875,,22.375,35.125,,92.563,50.313,115.563,30.063,,30.063,,39.375,34.688,,,,,12.25,48.438,53.063,,16.125,159.75,,,,44.875,56.438,51.813,17.938,29.375,30.063,,,3.25,59.688,,
1999-11-30,95.563,,47.875,26.188,,,54.938,62.5,36.0,,29.5,,27.875,40.5,,38.875,34.625,,72.168,70.0,,54.5,,19.0,21.563,,12.813,,,31.375,38.344,103.063,52.297,12.125,40.063,33.875,63.938,72.188,,20.313,36.438,,91.047,43.75,140.0,32.938,,27.625,,39.938,34.563,,,,,12.438,49.625,49.375,,18.875,184.188,,,,48.031,57.938,46.688,19.125,26.0,29.875,,,3.875,61.25,,
1999-12-31,97.875,,47.188,24.063,,,60.5,50.25,34.125,,40.563,,32.5,48.313,,47.688,39.125,,66.5,73.375,,64.75,,18.438,18.938,,13.313,,,32.75,41.156,107.875,56.438,11.875,39.0,30.813,65.438,72.188,,20.625,37.625,,116.75,42.813,191.063,32.438,,29.313,,40.0,35.25,,,,,14.25,47.875,49.313,,19.0,284.75,,,,48.313,74.75,47.375,20.438,21.125,30.0,,,4.188,71.813,,
2000-01-31,93.625,,43.438,23.188,,,53.688,47.75,33.25,,40.875,,29.625,38.25,,39.875,35.188,,66.875,66.375,,53.75,,19.938,15.0,,13.188,,,23.0,49.469,112.25,47.625,13.563,43.063,24.25,62.125,70.125,,19.563,35.688,,97.875,42.188,185.0,27.125,,29.0,,44.063,34.125,,,,,11.75,49.438,49.438,,17.938,253.0,,,,53.875,80.125,38.125,16.313,23.875,25.938,,,4.75,57.375,,
2000-02-29,88.188,,36.563,19.688,,,66.875,54.625,30.438,,42.5,,26.094,33.313,,35.938,28.25,,59.438,52.063,,51.125,,24.938,15.75,,18.75,,,23.563,56.5,102.75,36.813,12.25,37.0,25.313,51.5,75.813,,19.5,32.688,,89.375,38.625,198.5,25.0,,26.5,,50.063,32.125,,,,,10.75,45.25,35.375,,15.5,313.5,,,,83.063,83.813,31.25,14.313,17.813,24.688,,,4.5,51.313,,
2000-03-31,88.563,,45.563,23.813,,,63.0,86.0,35.125,,43.125,,28.188,37.563,,45.5,36.688,,62.625,63.0,,32.5,,27.0,16.688,,16.188,,,24.063,65.969,118.375,42.75,15.5,50.125,25.75,56.063,102.5,,24.188,35.5,,106.25,46.063,222.0,33.063,,31.063,,52.375,34.875,,,,,10.938,41.813,28.0,,18.063,280.125,,,,80.0,78.75,52.75,16.25,22.938,24.063,,,7.438,57.0,,
2000-04-28,86.625,,48.813,23.75,,,78.625,80.75,36.688,,46.438,,28.563,35.563,,52.313,39.063,15.0,77.125,63.125,,37.25,,23.75,15.938,,13.984,,,24.0,63.406,111.5,36.75,15.938,45.938,24.25,57.938,48.125,,19.047,35.313,,69.75,45.25,56.063,32.625,,31.5,,52.625,36.688,,,,,13.688,39.375,20.813,,16.25,225.625,,,,81.438,89.938,52.063,18.5,24.875,28.25,,,6.875,53.375,,
2000-05-31,85.75,,51.688,26.5,,,69.188,64.0,40.688,,46.375,,26.313,32.531,,45.563,38.25,20.313,76.125,68.0,,38.688,,26.063,16.375,,17.625,,,24.563,62.344,107.313,34.813,15.438,47.063,30.375,60.5,51.75,,14.875,35.5,,62.563,49.688,52.0,29.438,,30.5,,35.0,40.688,,,,,16.5,41.0,24.625,,15.5,91.188,,,,72.25,87.25,59.125,18.875,25.563,28.688,,,4.688,49.625,,
2000-06-30,83.0,,45.938,22.25,,,59.234,63.25,42.688,,50.375,,29.938,27.234,,47.75,39.063,18.516,99.875,63.25,,42.0,,24.484,15.063,,17.25,,,26.516,66.844,109.563,29.813,13.375,47.375,29.75,57.375,55.625,,14.25,31.984,,80.0,49.5,50.5,29.313,21.875,35.75,,42.0,44.438,,,,,15.898,31.5,18.5,,15.875,94.313,,,,68.688,45.625,55.938,18.625,21.063,23.813,,,5.0,43.0,,
2000-07-31,90.063,,51.938,27.563,,,56.938,72.75,43.0,,45.5,,27.844,31.969,,46.875,35.813,21.813,103.875,41.313,,49.063,,24.125,11.375,,14.063,,,25.0,66.75,112.25,33.688,13.688,53.0,25.938,57.438,56.75,,15.125,38.688,,69.813,48.25,44.0,26.563,22.125,33.875,,45.75,45.813,,,,,16.75,35.063,19.875,,14.688,93.938,,,,59.5,53.438,64.25,17.813,19.75,22.0,,,4.125,45.688,,
2000-08-31,93.019,,54.02,29.082,,,59.875,62.625,41.188,,45.25,,25.469,35.5,,43.125,38.938,26.25,73.019,46.188,,49.0,,22.75,12.332,,18.375,,,25.125,74.875,132.016,31.895,14.563,57.02,23.188,58.52,56.02,,14.625,36.188,,69.813,53.375,44.75,28.063,17.0,35.5,,44.625,42.645,,,,,14.625,40.438,22.875,,14.75,114.25,,,,66.75,63.641,66.644,16.313,23.895,22.875,,,5.875,46.332,,
2000-09-29,91.125,,64.625,34.75,,,28.375,63.625,45.188,,44.25,,23.6,29.938,,36.938,36.063,21.813,81.125,53.875,,59.125,,24.25,11.438,,19.938,,,22.75,41.563,112.625,28.688,13.0,51.875,24.188,55.813,57.688,,13.313,31.938,,60.313,65.769,40.875,30.25,10.875,38.75,,52.5,46.0,,,,,13.125,30.313,25.74,,14.25,100.938,,,,47.5,68.519,72.875,13.688,22.375,24.688,,,5.875,40.563,,
2000-10-31,96.625,,73.063,40.25,,,26.875,50.188,46.375,,40.563,,29.38,34.0,,42.875,39.188,13.438,89.375,51.375,,63.125,,22.813,10.75,,24.375,,,25.125,45.0,98.5,36.438,12.75,56.688,25.375,66.0,54.188,,17.188,34.813,,68.875,66.0,42.75,29.5,10.0625,41.125,,56.688,48.438,,,,,13.438,39.313,22.5,,14.75,83.0,,,,49.063,56.5,74.438,14.063,19.688,27.313,,,6.0,46.938,,
2000-11-30,99.875,,70.375,38.25,,,17.625,25.75,46.563,,38.75,,29.375,35.313,,43.188,43.438,16.063,93.688,53.625,,59.0,,27.813,11.563,,26.438,,,24.25,38.063,93.5,33.875,13.938,52.75,24.625,69.938,53.563,,17.625,32.438,,57.375,66.25,42.75,28.563,6.625,38.938,,58.125,45.375,,,,,14.563,40.25,19.82,,14.0,74.5,,,,37.313,51.875,70.75,13.438,19.375,26.938,,,3.25,43.75,54.25,
2000-12-29,120.5,,72.188,43.563,,,21.5,29.563,52.688,,33.688,,32.275,37.938,,48.75,43.188,17.75,93.063,59.75,,63.625,,28.938,10.625,,34.625,,,29.063,30.063,85.0,40.813,13.875,55.5,26.25,70.69,61.0,,19.625,38.0,,43.375,71.75,43.5,29.938,5.25,44.0,,48.625,49.563,,,,,17.188,47.625,26.45,,13.0,69.5,,,,47.375,55.375,70.625,15.125,23.25,36.24,,,2.438,50.75,50.125,
2001-01-31,110.65,,58.98,38.88,,,27.49,49.8,54.61,,37.4,,30.04,37.52,,46.71,41.55,18.25,78.8,59.25,32.44,25.87,,29.61,11.88,,29.063,,,25.5,37.0,112.0,38.65,15.0,61.6,26.2,64.75,71.0,,18.438,34.25,,61.063,58.0,34.35,26.063,7.375,45.938,,45.125,44.07,,,,,13.75,47.18,26.18,,12.938,73.55,,,,43.8,57.63,61.5,16.36,23.6,34.86,,,5.28,52.5,61.88,
2001-02-28,112.75,,60.16,39.86,,,24.5,40.96,49.89,,32.77,,29.525,36.95,,51.45,41.95,20.95,79.46,53.813,38.12,25.53,,33.1,12.28,,28.563,,,25.4,28.563,99.9,37.66,14.1,54.65,26.59,71.5,65.91,,20.75,34.03,,59.0,65.05,22.0,23.375,6.0,48.938,,39.938,46.08,,,,,16.64,45.96,28.25,,13.063,71.51,,,,29.55,53.97,63.85,16.0,23.2,36.09,,,4.12,53.74,53.59,
2001-03-30,103.9,,27.54,41.94,,,20.5,35.96,25.13,,36.55,,27.63,37.54,,49.22,42.42,19.6,76.66,53.438,44.5,27.7,,33.98,12.9,,36.75,,,25.66,26.313,96.18,36.08,12.85,43.23,27.03,67.83,61.69,,21.5,28.8,,54.688,61.3,24.0,21.0,5.3438,35.5,,37.063,43.95,,,,,18.75,36.35,23.05,,4.3333,72.25,,,,30.98,49.96,59.0,15.65,23.2,35.0,,,4.76,50.79,32.1,
2001-04-30,119.01,,31.8,41.75,,,25.51,55.05,22.83,,39.95,,27.925,41.4,,53.24,37.83,21.65,85.0,53.76,52.71,25.22,,25.68,12.25,,38.42,,,24.5,30.91,115.14,39.18,12.8,53.37,25.5,59.4,61.06,,20.4,32.35,,67.75,59.9,34.19,24.58,5.9,38.98,,34.56,43.81,,,,,18.0,45.03,20.38,,14.08,76.65,,,,38.7,47.67,62.1,17.1,21.18,40.59,,,5.32,56.53,34.38,
2001-05-31,118.58,,32.43,45.02,,,24.64,53.15,25.31,,39.63,,28.32,42.35,,50.54,40.88,23.17,84.7,58.87,58.32,27.5,,27.25,15.0,,37.75,,,28.65,27.01,111.8,38.25,12.55,57.45,26.72,60.45,61.55,,23.88,32.0,,69.18,58.25,29.24,26.0,7.01,37.31,,38.43,44.76,,,,,18.38,47.0,21.48,,14.0,78.1,,,,34.12,45.4,67.7,17.7,22.3,41.36,,,4.31,57.21,36.01,
2001-06-29,114.1,,31.49,43.99,,,22.42,63.52,25.82,,41.2,,29.495,38.7,,47.63,40.97,26.36,74.0,60.05,45.15,26.0,,25.42,14.45,,38.25,,,32.0,29.25,113.5,35.7,13.2,54.51,29.0,55.9,62.73,,25.5,29.9,,73.0,60.21,22.19,26.4,4.55,44.25,,40.0,44.2,,,,,19.85,38.12,22.11,,14.25,65.8,,,,31.9,43.05,68.4,16.94,22.79,36.38,,,3.95,54.97,27.98,
2001-07-31,111.88,,29.58,34.96,,,23.89,66.96,26.61,,33.84,,27.1,40.71,,43.88,40.04,24.78,79.28,63.02,39.53,27.5,,24.36,16.1,,37.0,,,29.7,29.81,105.21,40.75,14.35,53.2,30.07,60.81,57.28,,23.92,32.39,,66.19,54.0,21.81,26.31,3.39,35.65,,39.3,46.63,,,,,19.9,16.05,23.63,,13.0,49.52,,,,34.5,38.3,66.21,16.67,23.74,36.61,,,3.51,59.73,32.36,
2001-08-31,104.1,14.9,27.52,33.93,,,24.08,58.98,26.92,,30.42,,27.075,37.75,,38.79,40.08,26.29,77.63,58.3,45.33,26.51,,24.25,17.34,,36.32,,,33.0,27.96,99.95,40.14,15.0,51.95,31.99,62.05,55.5,,22.5,30.82,,57.05,54.35,15.74,24.91,3.31,37.25,,37.07,47.0,,,,,19.85,16.05,23.34,,4.3333,44.9,,,,33.1,33.12,64.8,15.0,24.24,34.57,,,3.18,56.75,32.54,
2001-09-28,98.4,12.75,27.0,37.35,,,18.19,45.45,24.85,,27.1,,29.125,33.0,,36.3,36.33,22.4,80.7,61.48,38.5,33.85,,25.64,14.0,,38.6,,,28.73,20.44,91.72,34.84,13.7,45.5,30.0,62.0,48.0,,22.02,26.33,,51.17,53.55,15.65,26.0,1.85,36.22,,31.51,48.5,,,,,16.2,14.68,10.73,,10.93,33.2,,,,24.98,12.82,58.74,13.7,22.18,29.27,,,2.17,48.71,21.2,
2001-10-31,104.38,17.57,24.46,31.38,,,20.63,54.9,21.37,,29.27,,28.76,31.31,,34.31,35.18,25.4,76.5,56.42,37.22,36.54,,24.9,16.57,,33.75,,,30.1,24.42,108.07,35.8,14.95,49.14,30.5,55.51,55.61,,21.16,28.56,,58.15,53.1,20.51,24.74,1.44,38.3,,32.06,48.71,,,,,16.38,13.78,11.0,,4.4333,38.2,,,,27.99,13.85,54.0,13.47,17.78,33.22,,,3.35,49.91,22.38,
2001-11-30,114.58,22.6,27.4,34.24,,,23.75,71.39,21.95,,33.9,,29.18,36.26,,38.37,37.4,25.25,82.67,60.09,37.85,36.5,,24.4,16.45,,40.2,,,32.55,32.66,115.59,39.95,15.95,58.8,29.49,58.17,67.85,,21.98,32.57,,64.21,55.4,23.01,25.06,1.63,42.7,,35.01,48.63,,22.95,,,17.25,16.5,15.51,,13.0,47.7,,,,32.05,16.52,59.2,14.18,18.98,37.98,,,4.71,52.85,34.53,
2001-12-31,118.21,26.92,24.56,33.7,,,25.47,74.48,22.73,,35.06,,28.875,38.54,,39.02,40.25,27.63,78.54,61.33,37.4,34.49,,24.08,16.23,,37.03,,,35.25,31.45,120.96,40.35,18.05,58.9,30.1,59.8,70.44,,24.44,33.71,,66.25,56.4,24.53,25.25,2.07,48.75,,34.85,48.69,,24.0,,,19.97,17.86,16.2,,13.65,45.1,,,,28.0,16.35,62.83,16.18,20.93,39.01,,,6.27,54.08,36.6,
2002-01-31,111.0,25.78,26.12,32.26,,,26.65,74.0,22.66,,33.16,,28.575,37.69,,40.16,42.79,26.93,75.1,63.25,32.05,33.0,,22.43,16.5,,45.89,,,28.67,35.04,107.89,41.78,17.4,35.15,30.86,60.3,66.29,,25.46,34.91,,63.71,53.61,23.45,23.96,3.1,54.5,,36.7,50.09,,25.45,31.05,,17.4,19.25,18.06,,16.0,44.76,,,,31.21,13.55,66.19,16.6,20.82,40.62,,,6.25,58.32,35.0,
2002-02-28,117.93,26.19,25.7,35.02,,,26.26,67.4,22.53,,34.64,,27.99,41.58,,44.0,46.83,28.53,75.73,63.76,37.91,34.86,,21.53,14.31,,43.01,,,30.75,28.55,98.12,43.75,18.48,29.1,34.55,62.6,67.67,,25.97,33.53,,58.34,53.11,20.77,23.49,2.85,52.6,,36.95,50.5,,24.36,30.57,,17.95,19.75,18.48,,5.2,46.2,,,,29.35,5.16,67.0,17.95,20.85,42.05,,,5.81,61.82,36.4,
2002-03-28,115.01,26.7,29.5,37.77,,,27.06,79.2,24.27,,37.15,,28.575,47.23,,48.79,45.72,27.95,76.2,67.48,40.79,32.77,,24.61,15.82,,44.05,,,32.2,30.41,104.0,43.01,22.15,32.32,33.57,64.65,71.15,,28.57,38.88,,60.31,59.55,20.74,24.48,4.2,56.9,,39.7,51.5,,25.3,31.05,,18.68,20.06,22.55,,17.0,51.7,,,,33.1,9.0,68.12,23.09,22.57,43.25,,,6.23,62.86,37.23,
2002-04-30,125.8,21.44,29.9,39.74,,,25.62,74.35,23.88,,38.86,,26.505,42.55,,44.1,43.91,25.12,66.05,68.59,41.33,36.1,,23.11,15.98,,47.59,,,33.1,28.61,83.76,41.43,22.36,18.45,35.92,65.12,73.7,,28.4,40.25,,52.26,63.49,16.26,24.67,3.64,56.92,,37.33,51.9,,27.8,32.1,,19.8,21.47,23.59,,19.91,54.2,,,,30.93,8.02,69.3,26.65,23.7,43.77,,,6.19,59.61,33.74,
2002-05-31,125.43,20.85,32.16,38.48,,,23.13,46.2,24.76,,38.8,,27.1,36.81,,46.25,47.68,23.82,64.7,65.17,37.6,35.25,,23.11,15.3,,49.58,,,33.9,27.62,80.45,43.1,23.1,21.95,36.7,64.92,75.0,,28.01,41.46,,50.91,62.99,13.88,25.6,2.86,59.7,,34.65,51.98,,30.4,34.49,,21.02,21.94,22.51,,20.3,58.11,,,,28.67,6.55,66.0,22.4,23.65,42.5,,,4.6,65.5,30.43,
2002-06-28,123.0,19.0,32.0,36.98,,,21.99,36.3,23.6,,37.83,,25.025,33.1,,46.9,46.23,23.2,56.4,66.65,38.95,34.65,,25.3,13.56,,44.5,,,31.12,18.27,72.0,43.58,24.7,13.51,35.86,62.0,70.08,,26.9,36.75,,54.7,59.99,14.48,25.45,2.06,59.11,,31.29,48.2,,31.0,33.36,,19.07,19.98,19.5,,22.32,53.1,,,,23.7,5.42,59.47,22.33,23.35,39.21,,,3.25,63.85,29.97,
2002-07-31,125.83,16.5,31.41,38.01,,,16.7,32.9,22.23,,33.9,,25.675,32.3,,44.32,45.95,24.34,58.42,66.07,32.1,29.41,,18.07,12.25,,42.96,,,27.45,18.79,70.4,39.82,20.14,12.8,34.44,61.05,66.0,,23.11,37.66,,47.98,56.65,12.4,25.99,1.67,54.95,,26.31,42.94,,28.71,32.99,,17.6,18.5,19.82,,21.74,45.33,,,,23.15,2.05,50.6,19.96,21.39,38.58,,,4.44,58.75,23.81,
2002-08-30,124.95,16.45,30.61,37.22,,,15.48,21.2,23.8,,34.24,,27.275,29.79,,44.87,45.04,24.62,58.05,67.02,27.66,28.96,,18.3,13.15,,49.97,,,28.0,16.67,75.38,37.65,21.07,15.69,32.16,59.84,69.72,,24.31,33.12,,49.08,57.08,13.29,25.9,1.93,56.35,,23.4,39.55,,29.33,30.2,,20.6,18.42,17.7,,18.9,43.51,,,,19.7,3.02,50.02,18.26,21.49,40.61,,,4.05,54.51,26.1,
2002-09-30,109.97,14.28,30.69,35.55,,,10.79,22.31,23.14,,31.87,,26.975,23.62,,38.17,41.73,25.59,55.34,61.23,24.44,24.65,,16.48,11.13,,52.75,,,28.75,13.89,58.31,33.39,20.56,14.1,33.25,56.64,60.81,,22.131,29.34,,43.74,53.8,13.25,24.86,1.25,56.4,,24.27,36.95,,26.18,28.56,,18.8,16.27,15.92,,18.099,41.1,,,,14.77,2.51,41.0,16.75,18.58,35.98,,,4.7,43.77,27.65,
2002-10-31,126.94,16.88,30.44,39.78,,,9.3,20.61,24.59,,36.76,,27.49,23.96,,36.34,48.25,25.69,55.5,63.5,23.65,26.82,,16.02,10.22,,50.17,,,29.47,17.3,78.94,34.93,16.85,14.46,31.86,51.5,58.45,,23.54,34.1,,53.47,58.98,16.62,23.8,1.29,56.95,,28.82,44.1,,28.05,29.2,,20.58,16.55,18.36,,18.35,43.24,,,,15.86,1.77,39.5,18.22,21.09,36.82,,,6.19,45.3,28.7,
2002-11-29,129.85,19.25,30.85,39.03,,,14.15,27.68,25.7,,38.45,,25.695,31.44,,39.13,49.67,26.32,68.3,56.0,27.42,28.17,,17.0,12.82,,42.56,,,29.67,20.88,86.92,39.25,16.13,17.75,33.37,50.32,68.5,,25.15,37.27,,57.68,58.8,19.21,23.75,2.19,62.0,,29.2,42.48,,29.0,30.08,,21.5,21.05,21.68,,18.489,44.35,,,,20.01,2.12,49.06,19.85,21.9,37.86,,,8.45,52.6,35.77,
2002-12-31,123.3,17.99,30.12,36.99,,,10.83,24.15,26.52,,36.85,,26.215,28.13,,36.77,49.5,25.47,63.5,58.55,28.0,29.38,,15.5,11.55,,45.0,,,30.13,15.57,77.5,34.97,15.38,17.08,34.27,47.47,55.95,,23.15,31.9,,51.7,60.13,15.5,24.3,1.37,61.5,,27.9,42.22,,30.13,31.74,,20.98,20.71,16.7,,20.02,41.31,,,,15.01,3.02,45.43,19.1,21.22,36.05,,,6.39,49.21,33.5,
2003-01-31,124.55,16.55,32.39,35.19,,,10.39,26.09,27.33,,35.4,,25.455,24.7,,34.23,49.3,25.51,60.24,53.35,29.74,25.25,,15.2,12.0,,40.53,,,29.95,15.66,78.2,35.7,13.83,16.01,33.4,46.32,52.37,,22.22,34.68,,47.46,58.39,14.39,22.8,1.28,62.77,,25.18,40.48,,28.6,31.77,,20.48,23.05,15.97,,21.3,39.95,,,,15.9,3.47,41.68,17.31,21.1,35.23,,,7.95,48.05,28.95,
2003-02-28,125.37,15.34,31.25,31.63,,,10.3,29.07,28.45,,35.95,,25.155,23.97,,32.19,49.05,26.61,56.56,53.11,28.23,24.47,,16.57,12.11,,40.0,,,30.05,17.25,77.95,35.03,13.85,14.8,29.57,45.83,48.9,,19.89,30.37,,23.7,56.01,13.23,21.88,1.41,61.1,,26.24,38.32,,27.57,30.03,,19.07,23.01,13.55,,23.89,37.97,,,,16.75,3.32,36.13,16.03,20.92,33.85,,,8.13,49.85,30.38,
2003-03-31,130.03,15.5,32.05,33.17,,,10.48,26.97,27.31,,35.09,,27.22,24.6,,28.99,49.33,27.4,57.15,50.231,33.68,24.55,,15.7,13.89,,45.1,,,29.16,16.28,78.43,33.8,13.66,12.86,30.65,45.46,56.58,,18.06,29.88,,24.21,58.93,14.01,21.4,1.27,62.3,,27.47,40.0,,27.14,29.25,,19.84,20.7,15.03,,24.38,35.13,,,,16.37,3.62,35.29,15.62,18.98,37.63,,,9.06,47.83,28.1,
2003-04-30,126.04,16.02,32.71,37.79,,,12.75,34.58,27.89,,40.11,,28.585,27.11,,30.53,51.09,28.87,63.82,49.22,34.57,24.99,,16.8,16.0,,43.12,,,29.88,18.4,84.9,35.75,15.07,15.6,32.74,49.77,56.8,,19.11,32.88,,25.56,60.87,16.57,21.82,1.36,56.0,,31.15,43.28,,29.1,31.97,,21.46,22.8,18.57,,28.69,24.74,,,,18.49,6.01,40.76,17.7,22.15,39.34,,,9.33,49.59,21.1,
2003-05-30,126.47,17.52,32.91,35.99,,,13.6,38.7,29.31,,42.74,,29.81,34.28,,32.69,53.75,30.32,59.77,57.4,35.49,27.25,,18.48,16.01,,49.16,,,30.94,20.82,88.04,36.67,16.75,17.7,35.2,51.93,52.35,,21.14,34.78,,24.61,66.47,18.04,23.63,2.71,55.43,,30.52,44.2,,31.76,33.52,,23.91,23.65,20.76,,33.67,27.34,,,,20.5,7.92,46.64,16.38,23.7,38.07,,,12.52,50.38,19.54,
2003-06-30,128.98,18.09,30.75,35.65,,,12.68,43.92,31.75,,45.65,,28.975,35.89,,31.67,25.6,32.14,68.97,57.42,33.64,27.2,,19.16,17.49,,52.51,,,30.03,20.81,82.5,35.73,15.8,18.98,34.37,52.14,51.38,,20.42,37.09,,25.64,66.85,16.43,23.0,2.7,59.32,,29.39,44.5,,32.25,33.65,,22.67,23.84,23.16,,44.0,28.0,,,,17.6,6.35,50.36,17.51,24.5,33.97,,,10.3,54.0,23.05,
2003-07-31,140.2,19.42,32.08,38.03,,,14.4,43.65,31.76,,49.01,,27.3,46.33,,36.3,24.71,28.24,65.84,55.01,35.63,26.53,,17.97,18.85,,58.44,,,31.3,24.89,81.25,39.12,16.95,18.6,34.33,48.4,59.35,,22.75,38.1,,26.41,61.67,15.3,23.88,2.92,66.52,,32.4,46.07,,32.6,35.58,,24.2,25.84,29.25,,46.19,31.2,,,,18.87,6.29,52.19,15.3,24.52,38.13,,,9.96,56.29,23.3,
2003-08-29,142.47,21.16,32.01,35.75,,,18.05,52.01,33.69,,48.46,,27.64,49.84,,35.81,25.79,28.44,66.53,58.6,36.84,27.0,,19.46,18.5,,57.73,,,31.53,28.59,82.01,40.55,18.1,20.58,33.53,51.11,63.26,,22.75,38.91,,26.52,61.86,16.29,23.33,4.79,39.13,,36.04,44.54,,31.46,36.41,,24.62,27.22,31.15,,24.8,32.95,,,,23.85,6.48,53.22,16.7,23.9,40.1,,,11.49,59.5,26.05,
2003-09-30,69.07,22.34,32.3,36.53,,,16.52,47.52,34.5,,48.72,,27.945,44.43,,33.5,25.25,27.08,59.4,55.54,37.33,28.28,,18.68,18.68,,56.71,,,31.85,27.52,88.33,39.02,18.5,20.43,33.35,51.32,53.5,,22.22,37.1,,27.8,63.2,15.6,22.35,4.0,39.61,,34.1,45.83,,30.99,37.36,,22.64,26.25,28.11,,30.1,34.8,,,,22.8,7.42,52.63,15.24,23.99,38.91,,,12.89,58.45,29.05,
2003-10-31,78.87,23.4,36.48,39.5,,,19.4,58.31,37.44,,48.95,,26.595,47.4,,32.46,26.89,29.0,66.62,58.17,37.08,29.19,,19.99,21.8,,62.05,,,33.89,32.95,89.48,39.35,19.05,20.88,33.13,52.81,56.07,,24.39,46.4,,26.14,63.74,16.99,22.2,4.3,45.83,,38.92,47.82,,31.35,38.64,,23.25,31.05,29.71,,37.54,35.2,,,,28.92,8.75,54.9,16.78,27.22,42.45,,,13.45,60.23,36.3,
2003-11-28,79.04,24.9,35.97,40.38,,,21.33,62.0,41.21,,46.65,,26.25,46.45,,35.67,26.22,30.12,68.8,58.13,36.66,31.3,,22.05,22.11,,67.44,,,34.66,33.54,90.54,37.21,20.95,22.95,35.77,54.22,48.32,,25.34,46.94,,25.71,63.55,17.98,21.7,6.575,46.9,,38.44,48.12,,33.11,39.11,,25.45,33.25,30.27,,54.22,34.35,,,,29.76,8.87,55.0,17.13,27.71,41.27,,,12.44,57.0,38.65,
2003-12-31,85.03,26.32,36.18,43.02,,,21.66,52.24,41.3,,47.64,,25.025,48.94,,39.53,27.37,30.08,70.33,59.1,39.64,32.49,,23.49,21.28,,67.58,,,34.45,32.05,92.68,43.11,20.73,26.5,38.08,59.09,44.94,,24.74,47.08,,27.37,65.42,17.0,22.85,6.48,51.03,,37.2,46.62,,33.07,41.77,,25.63,35.6,34.79,,60.5,34.67,,,,29.38,9.44,59.03,20.06,29.78,43.24,,,11.79,64.0,48.2,
2004-01-30,79.09,23.67,36.88,45.46,,,26.35,50.39,43.47,,51.18,,25.635,50.73,,39.89,27.17,34.83,68.04,57.74,37.06,31.28,,21.32,19.75,,70.15,,,35.17,30.52,99.23,42.27,21.25,26.75,37.81,59.06,44.3,,24.71,46.38,,27.65,65.75,20.66,21.38,7.0,58.28,,37.48,47.26,,34.7,43.5,,24.95,32.57,42.37,,44.95,40.65,,,,31.35,9.76,64.34,22.05,28.27,42.5,,,10.23,61.46,50.7,
2004-02-27,78.02,23.1,40.61,45.63,,,23.55,53.25,40.74,,49.15,,27.725,49.4,,42.35,27.31,32.2,73.94,56.02,41.23,33.65,,24.25,21.87,,71.5,,,37.9,29.2,96.5,44.26,24.0,28.57,39.49,64.68,51.5,,26.11,44.75,,26.53,65.65,21.77,22.35,8.47,58.85,,32.05,51.9,,36.2,46.39,,26.24,30.46,44.25,,48.29,40.94,,,,30.65,9.06,65.5,21.98,28.53,44.93,,,11.39,65.25,41.21,
2004-03-31,81.87,24.8,40.14,45.46,,,24.49,51.72,41.44,,51.8,,27.55,58.45,,42.68,28.53,31.95,66.9,55.37,38.69,32.57,,23.77,21.75,,71.29,,,40.0,27.2,91.84,42.26,25.71,28.65,39.24,63.1,48.33,,28.15,46.5,,24.93,66.85,20.28,22.6,7.55,55.7,,35.6,53.85,,35.63,44.78,,27.07,34.67,44.1,,31.88,41.81,,,,29.22,8.53,63.7,23.23,27.65,46.7,,,11.23,65.5,42.14,
2004-04-30,86.48,23.77,42.23,45.9,,,21.64,54.25,37.72,,52.31,,28.94,59.81,,42.57,29.8,34.46,73.81,53.72,38.16,32.23,,19.85,18.89,,70.47,,,42.5,25.73,88.17,40.32,23.61,27.45,42.9,65.45,41.79,,31.53,46.9,,26.13,63.62,14.01,23.9,4.84,51.2,,37.17,54.49,,35.3,43.94,,28.82,32.69,40.53,,26.27,38.4,,,,25.1,8.67,61.08,22.06,25.64,46.16,,,8.08,59.2,43.05,
2004-05-28,84.56,24.61,40.6,43.98,,,23.4,52.76,39.02,,49.56,,28.6,58.24,,46.34,30.51,36.25,73.67,54.29,40.42,31.85,,18.9,19.66,,67.16,,,43.38,28.55,88.59,41.93,25.22,30.79,42.4,65.9,47.56,,31.0,47.75,,26.23,63.75,13.74,24.53,5.79,51.75,,37.51,53.37,,34.95,44.3,,28.85,33.86,39.12,,27.66,36.87,,,,26.11,9.34,66.12,22.79,28.1,46.98,,,9.14,60.48,44.4,
2004-06-30,90.01,27.48,40.81,46.55,,,22.7,50.74,40.03,,53.4,,29.225,62.5,,46.23,31.7,34.85,69.91,53.78,47.67,30.45,,18.23,19.0,,63.14,,,46.55,27.6,88.15,44.7,27.1,33.14,41.85,65.88,42.28,,34.09,50.77,,28.56,63.95,14.54,24.83,5.02,57.31,,33.88,53.88,,34.78,46.47,,28.94,37.51,43.41,,33.96,38.05,,,,24.18,9.93,68.74,26.49,27.56,48.7,,,8.66,63.12,46.71,
2004-07-30,82.36,24.63,39.64,47.08,,,19.42,48.16,41.65,,49.0,18.94,26.6,69.43,,44.68,30.5,35.17,63.72,49.36,45.55,30.97,,17.79,18.17,,67.1,,,43.12,24.38,87.07,43.23,29.0,31.0,41.66,64.07,45.76,,34.01,43.55,,28.49,67.33,11.62,23.8,4.0,52.97,,30.71,50.0,,33.99,46.56,,28.6,37.41,42.75,13.01,30.93,34.65,,,,21.33,9.65,65.1,24.84,28.3,50.01,,,7.01,62.0,15.51,
2004-08-31,82.36,26.1,40.1,47.21,,,15.88,46.52,41.29,,47.97,19.49,27.0,67.29,,46.53,29.92,35.31,63.45,49.81,42.75,31.86,,22.8,18.53,,62.28,,,46.15,21.29,84.69,40.02,32.65,31.32,41.98,66.7,49.48,,30.06,42.23,,27.3,69.2,11.87,24.91,2.98,50.96,,29.67,50.0,,34.71,46.18,,27.95,39.0,41.3,13.0,28.1,34.67,,,,19.54,10.09,61.16,23.25,29.5,49.34,,,7.46,62.51,17.24,
2004-09-30,79.97,27.05,39.21,47.99,,,17.12,54.24,43.66,,47.16,23.1,22.59,73.89,,47.55,31.44,33.5,60.05,49.22,44.52,33.13,,23.9,18.8,,62.31,,,46.1,20.06,85.74,40.41,33.01,30.66,42.66,64.59,48.19,,31.36,44.49,,27.65,68.32,13.72,24.84,3.13,57.06,,30.15,48.65,,35.97,47.04,,29.76,38.7,43.6,15.63,32.35,34.39,,,,21.28,9.99,61.93,24.62,28.9,49.45,,,8.79,66.48,18.89,
2004-10-29,77.57,24.21,35.88,48.09,,,16.96,59.22,47.27,,49.5,25.9,22.31,70.08,,47.47,33.85,34.18,54.91,49.19,46.44,28.1,,24.28,17.69,,63.23,,,49.2,22.26,89.75,38.51,32.0,31.15,43.0,59.67,50.76,,33.38,45.25,,27.97,68.9,15.42,24.77,3.6,58.9,,32.794,49.58,,37.76,46.47,,30.8,41.69,46.6,20.32,28.25,34.85,,,,24.45,10.9,58.48,24.0,28.61,53.83,,,8.33,62.64,21.33,
2004-11-30,79.59,25.94,37.62,50.5,,,18.4,56.38,46.35,,50.17,27.09,22.995,79.62,,54.38,34.98,37.61,53.33,50.36,51.9,30.65,,26.54,19.03,,65.18,,,54.42,22.38,94.24,41.52,35.9,33.97,43.7,63.61,46.16,,35.89,48.37,,26.81,70.33,16.17,25.98,3.65,62.82,,33.16,49.91,,37.68,48.95,,31.49,47.3,49.7,17.46,37.73,36.36,,,,24.18,12.24,64.0,26.0,29.63,53.99,,,9.77,66.0,24.45,
2004-12-31,82.07,27.0,39.84,51.72,,,18.24,59.42,48.14,,54.26,33.55,25.58,83.79,,57.73,35.13,41.26,56.75,47.3,54.51,32.5,,26.6,19.38,,69.64,,,53.56,23.39,98.58,42.0,37.41,35.74,44.66,65.81,49.17,,34.54,48.3,,26.72,74.75,15.67,25.86,4.54,68.38,,34.08,52.2,,40.94,54.96,,33.54,49.55,54.44,16.94,33.93,38.96,,,,24.62,13.67,69.31,26.02,31.32,55.38,,,10.84,67.22,24.65,
2005-01-31,84.36,26.05,39.51,50.44,,,17.92,53.79,44.52,,52.58,34.99,26.27,77.67,,54.15,33.65,40.7,54.24,46.47,53.54,29.65,,24.9,19.6,,68.06,,,29.36,22.45,93.42,39.15,35.75,36.14,44.64,65.51,47.01,,32.15,48.65,,26.28,76.64,15.28,21.77,3.66,73.39,,30.49,53.7,,40.58,53.91,,32.97,56.65,53.0,13.7,34.45,37.02,,,,23.21,14.05,67.29,25.76,30.05,53.15,,,10.77,62.4,22.0,
2005-02-28,83.94,25.55,38.33,53.68,,,19.4,54.02,44.45,,52.74,36.08,26.46,73.41,,57.74,31.71,43.01,56.0,44.77,62.75,29.86,,26.61,21.12,,72.34,,,27.97,23.99,92.58,37.35,42.97,33.48,44.0,65.98,47.87,,31.6,43.7,,25.16,79.35,16.14,20.68,4.54,74.65,,31.93,53.86,,39.02,57.0,,31.71,62.15,47.25,16.06,40.62,37.79,,,,26.47,16.74,71.95,28.3,29.75,59.76,,,11.26,66.93,21.74,
2005-03-31,85.69,24.15,37.26,54.06,,,18.42,54.01,46.42,,53.6,34.99,26.085,70.35,,59.0,33.05,43.22,52.1,42.98,55.43,28.8,,26.27,20.45,,35.84,,,25.99,23.23,91.38,36.79,46.65,33.8,43.27,65.73,51.63,,30.08,43.52,,24.17,40.15,15.43,20.3,3.95,81.99,,32.82,53.03,,38.49,57.4,,33.48,56.64,44.69,14.99,33.73,40.02,,,,25.49,16.38,68.56,27.34,28.82,59.14,,,12.75,68.5,20.41,
2005-04-29,76.47,21.7,40.65,56.16,,,18.89,50.34,45.03,,52.04,34.75,24.895,68.0,,54.0,32.71,44.04,58.47,43.5,51.56,27.84,,22.58,18.92,,37.51,,,22.02,23.52,76.38,34.29,37.5,31.31,44.95,62.45,47.6,,30.55,38.55,,25.3,40.82,15.98,19.09,3.44,75.15,,30.6,55.64,,39.08,57.15,,34.6,46.23,42.02,14.43,24.63,36.71,,,,24.96,16.08,72.37,24.84,27.9,56.59,,,12.69,68.61,18.47,
2005-05-31,76.65,23.28,41.55,58.2,,,20.92,54.43,44.27,,54.25,38.46,24.985,67.95,,58.78,32.33,45.71,58.3,42.67,57.45,27.62,,23.45,20.18,,40.45,,,22.09,26.96,75.55,32.21,42.41,28.93,45.49,64.33,48.69,,32.76,39.83,,25.8,40.65,16.86,19.83,4.471,79.74,,28.88,56.26,,39.89,63.31,,35.48,51.37,46.11,20.24,23.13,37.27,,,,27.64,14.89,74.79,23.5,29.33,56.43,,,15.01,64.15,20.92,
2005-06-30,72.3,22.67,43.28,59.75,,,22.53,68.55,46.53,,52.63,43.86,24.955,74.61,,55.15,32.36,43.02,55.71,41.17,57.59,27.13,,28.1,20.79,,41.52,,,23.76,26.02,74.2,30.21,44.23,29.2,44.44,62.59,55.91,,33.15,39.78,,24.84,42.06,16.64,21.4,4.6,78.28,,32.52,53.93,,41.9,65.66,,36.01,48.71,48.36,20.48,23.7,34.44,,,,28.07,16.38,74.78,23.1,29.2,57.22,,,13.42,63.65,20.86,
2005-07-29,75.0,25.04,45.1,61.26,,,26.18,76.6,49.88,,49.17,46.04,26.47,85.44,,55.39,33.58,45.87,56.32,43.1,63.8,27.89,,34.22,21.94,,43.17,,,24.07,27.14,83.46,31.6,49.25,30.47,45.31,63.76,56.35,,36.61,47.8,,25.61,43.12,15.95,21.75,5.73,84.8,,34.91,54.53,,43.95,66.9,,36.25,51.51,45.45,23.55,28.6,32.51,,,,31.76,16.05,80.57,26.47,30.06,59.04,,,14.99,68.98,20.4,
2005-08-31,71.15,24.4,43.22,56.21,,,25.05,47.66,48.78,,50.65,48.76,26.25,86.47,,47.97,33.0,44.0,55.02,41.41,61.91,28.56,,37.28,20.7,,41.69,,,22.52,25.72,80.62,30.85,49.33,27.83,45.33,62.32,52.45,,37.68,45.06,,27.38,43.09,15.77,22.41,5.75,40.11,,34.13,54.85,,45.8,64.37,,36.23,52.04,42.72,19.32,28.6,33.62,,,,32.68,15.74,73.05,29.37,29.22,59.31,,,13.85,65.02,19.82,
2005-09-30,73.36,25.46,45.3,55.29,,,24.45,43.53,49.8,,54.26,49.2,26.395,87.99,,46.97,31.93,44.41,53.52,36.75,64.38,28.81,,38.24,19.65,,42.62,,,20.17,24.65,80.22,29.8,46.06,27.85,46.13,59.53,50.18,,39.4,44.39,,25.73,47.6,16.91,21.22,5.15,43.16,,37.09,56.71,,47.37,67.56,,35.29,52.9,43.2,23.12,32.57,33.19,,,,33.9,16.43,77.17,29.63,28.08,57.97,,,12.93,68.75,10.36,
2005-10-31,75.98,26.31,47.78,52.79,,,23.05,44.26,49.02,,53.07,48.85,26.48,85.37,,52.76,33.08,41.38,49.79,40.12,63.6,29.42,,34.11,18.84,,39.64,,,23.81,23.5,81.88,29.18,50.28,26.39,44.17,56.84,48.13,,39.57,45.28,,25.7,43.06,16.82,21.91,4.64,43.56,,38.76,59.08,,49.63,72.79,,35.35,53.15,41.44,24.99,31.9,32.8,,,,28.55,15.89,79.75,28.36,29.58,52.25,,,12.1,63.34,10.19,
2005-11-30,78.48,28.44,48.0,56.1,,,22.5,48.24,53.7,,56.27,55.5,27.26,89.0,,55.33,33.27,39.99,50.5,40.27,74.1,30.45,,37.12,20.42,,42.66,,,22.25,26.68,88.9,31.53,49.98,28.52,44.07,58.98,46.0,,40.81,46.45,,27.68,42.39,17.08,21.9,5.8,44.93,,42.41,59.2,,50.67,77.4,,35.85,56.43,45.86,31.85,34.49,37.01,,,,32.48,15.77,87.37,30.98,30.28,56.65,,,14.92,66.31,11.0,
2005-12-30,77.5,28.87,46.42,54.07,,,23.94,43.48,55.94,,58.83,58.85,27.425,89.73,,51.59,36.27,41.61,56.59,37.72,77.26,30.88,,35.91,20.18,,43.64,,,23.89,24.96,82.2,33.61,50.35,28.86,43.22,59.65,48.6,,39.66,46.5,,26.15,41.56,18.3,21.64,5.53,44.59,,38.12,59.08,,47.43,73.19,,37.55,59.16,45.06,32.05,30.59,40.8,,,,32.07,15.83,85.89,32.02,29.89,55.34,,,18.61,66.34,11.95,
2006-01-31,72.75,31.53,46.95,52.05,,,24.45,50.66,59.7,,60.22,63.12,27.445,97.3,,48.21,35.81,42.94,56.62,37.57,87.95,29.16,,40.48,21.2,,46.64,,,27.27,21.26,81.3,32.63,58.87,26.05,42.9,57.12,44.39,,44.51,53.83,,28.15,41.79,18.38,20.93,7.51,49.31,,36.35,57.18,,47.16,75.34,,37.85,66.07,40.9,41.05,33.44,48.9,,,,29.23,17.04,82.23,36.17,29.91,55.48,,,21.86,69.76,14.85,
2006-02-28,73.59,32.66,46.25,54.78,,,25.13,53.86,60.73,,62.48,68.68,27.24,108.28,,49.33,36.19,41.35,55.62,38.65,86.3,29.49,,46.35,20.29,,46.65,,,26.96,20.6,80.24,32.77,67.68,25.79,44.31,59.18,48.11,,46.16,53.64,,26.87,41.93,18.58,21.25,6.59,56.73,,40.05,59.11,,48.72,77.04,,38.87,68.17,44.06,34.85,31.1,46.88,,,,29.85,17.3,82.38,28.68,30.91,54.8,,,22.25,68.29,13.89,
2006-03-31,75.69,30.07,45.13,52.11,,,25.38,55.93,56.82,,66.05,80.7,28.55,105.1,,51.18,38.2,43.5,55.3,39.36,85.8,27.81,,48.68,21.1,,47.86,,,29.57,19.46,82.47,34.57,76.54,26.88,44.04,57.8,53.01,,53.99,57.18,,27.21,40.14,20.72,21.64,7.26,62.24,,41.66,57.79,,48.8,75.81,,42.51,71.91,42.02,36.33,42.85,46.07,,,,32.47,17.06,80.55,32.27,30.5,56.9,,,19.43,72.43,14.87,
2006-04-28,85.43,29.07,47.54,56.49,,,26.15,56.66,58.0,,75.8,87.89,29.56,104.5,,54.35,37.8,44.44,52.92,40.42,92.91,27.44,,46.36,19.71,,46.62,,,28.0,19.98,82.34,36.35,84.76,26.35,46.31,58.53,55.84,,54.81,65.15,,24.15,39.6,22.66,20.64,7.17,61.2,,40.39,58.24,,51.31,78.13,,44.01,72.46,41.79,35.05,39.33,48.94,,,,34.71,16.97,91.93,34.9,31.44,61.19,,,21.04,70.47,14.29,
2006-05-31,83.66,28.15,46.8,55.01,,,22.08,53.0,56.66,,70.2,77.37,30.17,110.21,,56.38,38.71,44.34,51.64,38.0,87.66,26.58,,41.33,18.54,,46.09,,,26.68,18.02,79.9,33.98,79.51,27.11,47.1,60.67,53.69,,54.96,65.83,,22.65,39.83,21.47,19.18,6.04,52.85,,36.71,60.46,,54.65,76.15,,40.8,68.28,38.08,29.51,35.84,45.17,,,,31.23,18.4,87.94,31.43,30.87,62.93,,,20.35,63.96,11.99,
2006-06-30,80.77,28.32,46.35,54.73,,,20.02,54.84,53.92,,73.27,24.9,29.95,122.25,,54.0,40.58,45.43,55.27,36.95,92.93,25.34,,45.27,18.11,,46.73,,,30.6,19.0,76.82,32.3,87.55,27.5,48.43,61.7,59.12,,62.65,64.6,48.0,23.3,41.38,20.26,19.97,5.88,47.52,,38.98,60.04,,55.65,77.7,,40.34,72.01,38.25,26.66,35.48,44.04,,,,30.29,18.45,84.6,33.51,30.88,67.92,,,19.81,62.25,12.83,
2006-07-31,70.4,29.26,44.14,56.82,,,18.2,45.34,56.69,,72.08,23.53,29.66,117.0,,49.63,43.07,44.24,56.77,38.14,87.83,27.17,,43.49,18.7,,47.41,,,33.26,18.0,77.41,34.33,81.7,26.09,48.17,61.05,56.63,,57.38,59.48,45.87,24.06,43.14,19.85,19.08,6.3,42.88,,34.18,63.38,,54.0,78.64,,40.16,61.98,33.9,25.7,33.9,45.99,,,,29.78,19.86,84.84,32.2,32.0,67.82,,,17.54,58.66,12.47,
2006-08-31,71.7,29.66,45.07,57.94,,,19.56,47.0,60.57,,49.68,23.0,29.93,114.82,,52.45,44.58,46.69,55.93,39.34,86.42,26.8,,53.65,20.3,,49.87,,,34.5,19.57,80.97,34.77,83.26,26.15,50.7,63.5,62.51,,55.03,59.11,55.9,25.7,44.45,20.88,18.71,5.99,51.7,,35.95,65.28,,53.24,73.41,,38.78,56.38,36.48,34.48,31.75,43.41,,,,32.59,21.24,85.86,32.04,32.07,69.89,,,18.3,62.0,12.68,
2006-09-29,74.42,31.71,45.76,62.73,,,19.62,53.56,60.77,,52.29,24.6,31.05,119.23,,54.02,42.82,46.59,57.0,38.08,76.89,26.67,,53.35,22.75,,50.14,,,32.54,20.57,81.94,34.63,85.48,27.99,49.52,65.36,64.92,,54.45,61.27,70.35,27.35,45.0,19.69,19.1,5.88,50.47,,36.85,65.26,,54.28,76.25,,40.21,58.1,38.81,35.88,31.54,40.36,,,,33.25,20.39,86.75,29.78,33.22,72.95,,,18.1,61.53,13.25,
2006-10-31,78.84,32.91,44.92,61.36,,,23.68,55.25,62.0,,53.39,30.03,31.985,126.98,,60.92,45.35,42.93,56.01,39.85,78.43,27.85,,52.1,25.92,,49.69,,,36.19,21.34,92.33,33.35,92.0,29.43,50.31,66.52,70.6,,61.49,67.77,74.1,28.71,51.0,19.88,18.98,6.22,45.21,,39.48,63.44,,56.49,76.93,,41.01,62.0,40.5,39.02,34.96,40.98,,,,30.18,21.99,87.17,30.05,33.84,76.01,,,18.28,63.59,14.56,
2006-11-30,81.46,33.7,44.14,63.48,,,24.79,54.97,59.92,,52.63,32.93,32.525,119.92,,59.38,44.35,45.84,53.59,39.43,87.08,29.29,,51.6,26.75,,51.53,,,36.32,21.4,91.92,33.1,91.0,30.29,49.78,66.47,69.6,18.97,60.85,71.0,101.75,29.36,53.3,20.22,18.78,6.44,48.01,,39.41,61.97,,57.75,81.48,,41.48,65.08,42.45,39.0,40.88,39.41,,,,29.55,23.37,85.76,29.74,33.64,78.39,,,20.52,64.68,15.68,
2006-12-29,77.93,36.93,46.0,65.11,,,25.53,49.19,59.19,,56.59,33.2,32.62,118.18,,59.31,45.2,47.04,52.1,40.93,81.65,29.55,,50.32,27.25,,48.98,,,34.54,20.25,97.15,34.1,92.17,30.4,50.06,67.95,68.43,17.79,60.42,74.93,98.49,29.86,54.42,20.32,18.92,7.57,48.42,29.9,39.54,62.55,,58.7,85.86,,40.67,61.08,41.38,36.45,39.7,42.83,,,,28.8,22.04,93.31,29.18,36.19,82.08,,,20.46,70.65,16.15,
2007-01-31,74.3,37.75,47.61,60.16,,,31.05,50.4,59.6,,52.81,37.61,34.15,134.56,,58.56,43.9,51.16,54.12,39.9,82.6,28.67,,53.56,28.4,,50.77,,,34.25,20.96,99.15,33.7,104.5,31.88,49.27,69.4,70.91,18.55,60.77,72.93,111.55,30.86,56.65,22.1,18.74,8.36,52.8,28.64,40.01,65.24,,61.61,89.13,,43.25,61.21,44.93,43.83,38.5,46.33,,,,31.19,20.79,94.91,28.61,35.6,75.87,,,19.6,75.0,17.31,
2007-02-28,74.08,35.78,47.24,60.11,,,36.59,46.48,60.57,,54.07,33.31,33.705,134.6,,59.07,42.3,50.41,52.59,40.28,84.41,28.63,,58.33,28.27,,52.17,,,31.96,19.86,92.94,35.98,105.85,30.83,49.84,68.0,69.0,18.03,62.4,74.3,107.18,28.17,59.1,21.83,18.24,9.82,53.65,32.01,40.63,63.15,,60.87,90.94,,42.09,62.05,40.53,43.24,37.53,51.73,,,,30.96,21.32,94.56,28.58,35.66,79.71,,,19.17,85.91,15.86,
2007-03-30,76.43,38.54,47.06,60.06,,,36.14,48.72,60.58,,53.68,34.18,33.395,144.72,,63.33,43.0,50.7,53.71,38.69,89.72,28.33,,55.26,28.62,,55.18,,,35.59,19.13,94.26,36.4,104.28,31.55,51.43,68.49,76.61,17.32,59.56,73.77,106.24,27.87,61.17,22.92,18.18,8.92,53.0,31.86,37.87,63.56,,59.87,90.26,,27.82,59.87,42.16,42.82,40.17,50.49,,,,30.1,21.52,95.58,30.31,34.97,82.62,,,16.81,74.74,15.75,
2007-04-30,82.77,39.1,51.34,62.32,,,40.9,46.65,62.68,,56.2,33.85,33.87,92.16,,67.7,42.99,49.0,59.13,40.59,95.62,27.96,,60.24,31.61,,52.13,,,39.82,21.5,102.21,37.72,107.49,32.63,52.91,71.17,74.04,18.29,63.73,80.25,111.68,29.94,64.37,25.25,17.88,10.71,55.94,30.65,37.1,66.09,,63.49,95.0,,27.93,59.54,41.57,42.0,51.91,53.26,,,,34.37,21.99,101.2,32.98,34.35,87.81,,,17.68,79.22,16.51,
2007-05-31,87.96,40.94,52.86,61.5,,,42.84,48.29,66.71,,58.86,37.22,33.48,94.23,,66.16,43.15,50.2,58.62,42.36,104.1,29.4,,68.49,32.15,,53.53,,,41.03,22.18,106.6,39.17,116.7,33.36,53.98,70.96,75.32,20.15,70.29,92.0,149.55,30.69,63.93,27.38,17.85,10.74,61.69,35.9,40.4,68.33,,60.8,102.02,,30.28,68.05,43.48,47.25,54.2,57.7,35.66,,,35.36,23.73,103.17,35.16,34.58,93.78,,,18.81,81.96,16.27,
2007-06-29,86.79,42.89,51.4,61.51,,,39.64,46.67,64.35,,58.64,36.5,32.425,101.21,,64.33,42.7,49.34,55.88,39.77,111.37,27.88,,64.18,31.41,,53.43,,,45.45,23.74,105.25,39.05,113.5,33.79,51.79,66.89,71.03,18.07,74.24,92.24,165.87,29.47,56.74,28.11,16.61,10.72,62.92,33.63,39.12,64.85,,58.29,97.23,,30.64,69.44,42.98,42.86,47.94,51.37,33.04,,,37.63,21.88,98.51,36.11,32.95,91.58,,,19.35,78.93,15.55,
2007-07-31,88.92,42.13,52.12,53.15,,,37.88,44.59,62.51,,53.08,34.92,33.0,118.7,,68.82,42.11,45.96,54.09,36.89,115.51,27.58,,64.99,28.02,,54.34,,,44.62,23.62,110.65,37.07,109.78,47.29,51.81,67.27,60.8,16.76,71.99,79.05,160.8,28.99,57.73,28.64,14.4,11.82,57.25,30.43,41.38,65.62,,56.39,88.63,,31.95,69.99,38.53,38.86,54.19,52.74,36.62,35.82,,35.19,19.65,91.87,33.4,29.95,85.79,,,21.35,71.24,14.6,
2007-08-31,90.99,41.21,53.31,54.75,,,39.31,43.95,61.6,,57.12,29.52,33.16,118.42,,66.76,41.66,48.3,57.35,35.69,127.15,29.53,,54.44,28.21,,58.19,,,45.2,25.75,116.69,35.11,111.68,44.16,54.93,68.69,59.3,18.31,71.94,70.26,136.99,28.73,58.84,32.88,15.88,11.72,57.89,24.96,44.43,68.03,,55.49,89.78,,31.09,70.46,38.03,40.43,58.43,47.78,27.29,34.87,,34.24,18.11,88.91,35.56,32.35,79.85,,,23.36,68.17,14.63,
2007-09-28,93.58,40.25,57.04,57.19,,,39.86,46.02,65.48,,54.29,27.84,35.66,127.89,,66.73,47.2,49.31,56.93,33.88,143.98,28.97,16.95,53.02,27.88,,60.84,,,45.87,25.86,117.8,35.87,102.76,44.34,56.0,70.26,57.33,19.19,77.61,64.35,147.97,29.46,60.88,37.93,16.57,12.56,61.97,25.05,41.0,73.26,,63.09,97.58,,32.71,69.51,39.03,51.32,73.29,48.06,27.28,35.43,,36.59,20.04,92.55,37.15,32.53,80.75,,,25.32,72.3,14.44,
2007-10-31,86.36,39.05,62.78,52.4,,,41.72,48.52,66.58,,50.57,24.38,38.135,119.96,,66.59,47.17,50.22,54.15,31.28,158.0,26.61,16.0,42.82,29.85,,59.9,,,42.54,26.9,116.12,36.96,95.33,41.17,52.79,70.89,54.97,19.71,72.25,74.74,189.91,36.81,68.42,39.72,16.71,10.2,54.2,23.11,41.78,73.72,,67.67,96.72,,34.19,68.88,42.88,56.37,66.07,49.46,22.5,35.67,,32.6,21.41,97.03,33.26,33.16,87.13,,,25.92,75.91,16.47,
2007-11-30,83.26,34.56,62.64,51.12,,,34.5,51.05,63.09,,52.62,23.75,40.04,116.9,,64.21,47.9,49.45,52.95,29.91,147.17,26.28,14.3,41.02,27.77,,59.15,,,39.33,26.08,105.18,33.75,84.07,40.13,54.04,69.81,49.28,19.94,69.77,61.1,200.65,33.6,69.76,39.33,15.98,9.19,48.09,22.01,39.0,77.18,,65.49,94.14,,33.17,67.89,40.56,56.73,62.42,53.97,17.1,37.39,25.96,31.57,21.85,95.32,31.89,33.09,74.79,,,27.63,73.18,14.5,
2007-12-31,84.32,36.03,62.63,52.23,,,34.97,52.65,56.6,,45.83,21.55,38.98,127.37,,61.09,51.21,45.99,53.39,25.13,145.72,24.19,15.23,36.18,25.58,,61.4,,,36.75,26.66,108.1,32.38,71.16,39.65,52.43,69.34,45.8,20.12,71.18,56.9,215.2,35.6,67.78,38.39,14.96,8.88,47.26,20.22,36.22,75.9,,68.84,93.04,,31.35,68.96,42.44,62.69,69.13,54.3,19.45,37.13,27.41,33.4,21.39,87.19,32.85,31.74,68.66,,,30.21,73.74,14.84,
2008-01-31,79.65,34.62,61.09,49.22,,,35.61,48.73,56.46,,42.61,19.37,38.25,48.35,,66.07,48.14,46.27,51.39,27.1,121.49,25.39,12.15,38.07,25.97,,58.13,,,33.8,21.1,107.11,32.2,77.6,39.25,47.8,65.63,45.53,18.9,61.65,55.8,207.0,32.6,64.35,37.14,16.8,6.48,45.76,21.74,32.72,68.05,,59.61,84.07,,30.0,56.9,40.22,51.91,56.66,47.5,18.18,33.74,23.8,30.95,19.09,80.5,30.23,33.95,77.3,,,26.45,67.64,12.08,
2008-02-29,78.4,35.25,62.41,47.73,,,33.71,43.01,50.54,,44.86,20.06,38.045,50.38,,65.81,46.79,43.61,50.02,22.9,139.25,23.6,15.25,30.19,25.77,,59.82,,,36.71,19.97,113.86,31.7,76.39,40.06,50.72,65.18,44.44,19.06,67.14,56.7,190.0,27.2,60.29,36.01,15.52,6.0,40.07,18.86,31.46,69.56,,55.23,72.97,,30.53,54.71,35.01,59.72,65.47,47.21,15.95,32.9,25.23,29.96,17.98,69.9,30.13,32.02,76.04,,,30.87,61.2,11.54,
2008-03-31,79.15,35.17,64.95,48.06,,,32.73,41.46,44.81,,46.37,21.64,38.955,46.82,,62.45,43.43,44.55,51.59,20.92,141.16,23.62,12.25,32.71,27.9,,57.4,,,37.14,21.18,115.14,27.2,77.34,44.05,52.56,64.55,42.89,18.59,64.49,56.26,222.99,28.38,62.74,31.83,18.0,5.68,36.28,18.13,34.26,72.2,,55.72,78.25,,29.24,57.42,32.9,57.87,71.02,40.07,17.0,34.32,22.06,28.27,16.67,75.77,29.72,32.36,77.51,,,27.04,65.04,11.53,
2008-04-30,76.9,37.55,66.67,50.36,,,26.19,43.02,49.97,,49.97,23.12,35.35,62.65,,73.5,45.96,55.42,48.14,21.43,152.87,24.57,14.3,34.3,35.56,,55.37,,,46.38,22.26,120.7,26.17,77.61,46.79,51.17,63.99,48.85,19.0,76.3,67.13,278.16,28.52,66.29,30.07,17.11,7.47,40.6,21.11,36.37,68.53,,53.66,75.71,,31.79,54.23,31.9,66.73,88.0,45.79,19.64,37.41,21.29,29.16,17.36,71.27,36.15,33.89,74.38,83.45,,28.99,63.88,13.0,
2008-05-30,77.56,40.82,67.13,50.94,,,29.52,46.69,49.08,,54.11,22.46,37.18,70.42,,76.61,44.83,57.71,48.14,18.7,186.55,25.53,14.5,36.57,36.24,,55.72,,,47.01,23.18,129.43,27.22,70.54,45.19,51.81,63.8,44.8,19.93,82.48,63.0,308.65,28.32,67.52,28.4,17.48,9.89,40.41,25.83,34.55,68.3,,53.88,74.7,,32.93,58.55,29.72,72.31,100.14,50.39,21.24,40.12,27.01,32.48,19.48,71.07,36.63,33.19,75.7,86.36,,37.53,62.33,14.16,
2008-06-30,69.59,40.72,62.8,45.59,,,27.28,39.6,41.23,,51.21,19.2,34.55,65.52,,68.86,42.99,62.04,46.16,10.18,186.08,24.1,14.92,31.53,35.72,,51.57,,,49.11,21.48,118.53,23.3,60.19,40.04,48.02,59.78,40.04,20.81,78.7,58.24,265.52,27.51,65.58,24.5,14.26,9.17,20.69,22.75,31.28,63.59,,41.97,59.74,,29.7,43.73,22.47,68.23,114.6,43.74,17.71,35.82,23.14,28.16,19.21,64.57,32.94,27.89,71.18,81.31,,34.53,51.14,12.18,
2008-07-31,70.39,41.76,55.61,46.22,,,27.26,39.72,46.87,,45.63,14.05,37.135,66.34,,59.96,44.7,62.68,47.11,13.97,81.35,25.43,13.26,31.63,38.72,,53.56,,,46.51,22.19,127.98,27.72,47.64,44.56,53.06,57.83,41.91,18.89,80.35,48.0,244.15,25.72,64.53,27.32,15.18,9.39,18.04,26.01,32.92,66.56,,42.51,68.97,,32.5,44.51,25.48,63.79,90.24,37.67,16.63,33.14,23.42,24.38,16.14,63.39,33.02,30.61,71.58,73.06,,28.79,53.46,11.26,
2008-08-29,71.6,41.36,56.7,45.13,,,29.35,44.77,43.66,,44.74,13.07,38.015,65.16,,60.32,45.74,59.21,46.65,15.78,80.13,26.48,14.15,36.68,37.4,,58.48,,,44.79,22.87,121.73,27.05,49.8,42.88,54.44,61.68,49.17,20.05,80.77,48.06,242.55,27.29,60.06,25.17,17.43,9.47,15.42,24.19,34.08,68.48,,45.79,73.71,,32.87,47.21,27.18,56.02,68.41,38.2,16.87,32.91,24.57,24.51,15.26,63.08,32.32,31.86,79.25,75.9,,27.26,55.49,11.58,
2008-09-30,68.31,38.0,58.75,46.12,,,24.63,37.5,43.1,,37.75,13.37,37.675,43.72,,55.06,48.52,57.76,44.03,11.9,55.7,25.66,10.39,35.82,34.72,,53.84,,,32.28,18.73,116.96,26.18,43.48,35.02,56.1,64.84,46.08,20.23,64.31,43.16,177.33,26.69,50.3,18.65,20.02,6.76,13.16,23.91,33.03,71.27,,43.49,72.0,,29.98,37.34,20.75,48.4,39.24,30.87,13.99,27.66,19.5,21.5,11.69,40.99,28.35,36.02,77.31,61.39,,21.32,60.58,9.72,
2008-10-31,64.3,33.05,44.28,26.39,,,16.74,26.88,35.77,,34.27,7.01,31.38,26.15,,40.39,37.26,52.84,33.82,10.85,39.93,24.36,7.83,35.67,29.09,,46.81,,,24.32,16.03,92.97,17.26,32.92,25.28,50.42,61.29,35.13,18.47,43.15,31.13,147.82,22.33,47.24,15.18,18.94,5.11,7.66,15.73,28.54,57.01,,18.99,30.0,,23.7,27.67,13.56,30.96,26.93,23.24,13.74,19.44,15.39,19.56,7.97,10.32,15.88,29.81,55.1,55.35,,16.47,38.22,7.74,
2008-11-28,66.93,30.98,46.3,25.44,,,14.24,20.71,28.82,,29.76,4.56,32.535,25.58,,32.9,38.39,49.77,34.15,9.56,45.54,24.8,7.93,42.89,26.8,,35.73,,,27.4,13.8,81.6,12.45,23.83,20.9,43.43,57.79,32.66,17.8,45.69,31.48,145.3,20.22,48.76,14.17,17.18,2.92,7.0,15.95,28.26,56.7,,13.81,21.7,,24.0,31.15,9.42,28.62,27.0,19.38,14.64,16.48,13.43,15.57,7.69,8.45,14.51,26.98,52.29,52.56,,12.2,37.62,7.56,
2008-12-31,57.54,32.79,45.84,32.76,,,18.21,28.11,25.69,,31.4,4.32,34.27,26.73,,31.71,35.15,54.95,40.27,8.26,44.87,25.91,8.22,43.93,29.17,,36.69,,,28.85,14.66,84.16,11.8,27.7,21.6,43.85,52.74,36.2,19.48,50.93,33.99,142.93,19.44,50.33,15.6,18.16,3.4,8.89,17.3,26.28,54.77,,22.57,30.26,,24.79,32.24,13.75,32.01,37.65,21.87,14.85,16.21,14.83,15.52,8.24,16.42,19.63,25.01,54.77,52.45,,11.45,30.61,8.13,
2009-01-30,53.79,31.56,23.21,21.67,,,19.82,28.02,26.7,,26.96,3.6,32.52,23.98,,25.95,33.96,57.49,36.82,2.39,38.9,23.57,8.19,35.22,24.13,,37.43,,,23.15,12.9,91.65,9.12,23.61,21.02,43.69,51.47,36.71,19.74,41.17,28.46,135.78,17.1,51.55,12.27,12.73,4.17,7.22,13.34,24.29,50.23,,16.59,25.75,,25.86,26.04,6.49,26.61,39.27,19.22,13.59,14.16,13.13,14.95,7.91,13.16,14.89,14.84,56.02,49.35,,14.68,27.34,6.94,
2009-02-27,45.46,29.19,16.76,16.83,,,17.27,28.82,22.13,,25.11,2.89,30.09,20.8,,20.54,31.78,55.61,29.38,2.11,33.25,15.87,7.92,35.58,22.89,,36.68,,,20.17,12.74,92.03,5.69,19.92,20.05,38.92,47.11,35.14,18.91,30.73,27.88,158.03,16.15,45.33,9.36,11.67,3.66,6.26,8.35,22.06,48.14,,7.99,16.41,,19.9,20.1,6.0,28.0,28.64,16.56,14.5,9.48,15.46,14.35,6.3,6.1,12.18,14.31,51.9,56.71,,13.66,24.16,5.69,
2009-03-31,49.72,27.49,19.36,19.15,,,17.51,37.96,26.11,,29.03,4.03,29.49,25.45,,26.8,34.73,60.63,33.41,2.92,34.55,17.0,8.86,37.48,25.07,,39.99,,,21.2,15.03,96.89,7.04,23.26,19.56,36.63,46.11,42.32,18.67,31.69,31.53,167.48,18.37,50.73,11.67,11.17,3.9,6.74,9.04,25.67,51.48,,8.18,19.02,,17.15,21.84,8.01,32.73,31.39,20.63,17.08,11.04,16.22,16.51,5.81,7.85,13.96,14.61,57.11,55.6,,19.34,27.57,7.11,
2009-04-30,57.6,29.43,28.89,23.33,,,21.89,38.38,33.01,,30.21,7.5,29.5,34.0,,39.68,38.55,63.38,32.92,4.1,37.87,22.48,8.96,39.45,26.66,,41.04,,,23.9,15.78,103.21,12.66,32.27,23.76,42.11,49.14,45.35,18.1,44.53,43.09,183.45,20.26,53.79,14.14,13.63,5.42,9.6,17.9,27.01,49.76,,16.34,28.88,,21.0,31.59,14.73,42.81,49.56,25.86,17.09,17.44,16.72,18.06,7.07,11.47,16.08,18.22,59.27,64.96,,23.52,35.26,9.38,
2009-05-29,57.1,29.93,35.5,25.73,,,23.01,35.1,40.09,,33.17,7.3,32.975,32.43,,41.44,37.35,63.84,34.57,6.9,46.98,20.95,10.46,36.55,25.41,,45.54,,,26.41,15.72,106.28,14.37,35.05,27.61,43.25,51.89,42.47,17.47,40.8,42.51,176.33,20.89,56.53,15.3,11.99,6.82,11.87,13.93,27.34,52.05,,22.2,39.91,,22.79,30.69,15.06,37.95,54.54,26.23,17.13,17.37,21.6,19.4,9.99,14.34,16.91,19.2,56.82,67.71,,24.85,33.58,11.8,
2009-06-30,60.1,33.46,31.09,24.4,,,21.03,33.49,42.15,,32.53,9.36,35.37,35.21,,37.9,38.99,68.03,34.64,7.1,51.29,21.34,11.75,33.28,24.24,,47.95,,,26.79,16.55,104.42,15.13,32.73,25.98,46.57,52.43,42.75,18.55,36.04,42.34,167.31,23.77,56.86,14.58,9.82,6.86,14.54,12.78,25.2,54.96,,18.84,37.22,,24.41,32.12,13.54,38.17,52.86,25.86,13.31,18.59,23.43,21.3,11.61,11.87,17.08,17.92,55.35,62.26,,26.5,30.43,11.8,
2009-07-31,70.52,35.07,37.86,26.91,,,24.4,37.37,50.11,,37.02,10.9,36.22,43.01,,49.66,41.51,65.41,34.89,9.5,52.8,22.9,14.02,33.88,26.5,,51.38,,,28.0,19.25,117.93,18.81,37.96,30.22,47.5,58.45,48.55,18.09,42.38,47.95,194.03,23.52,56.67,13.34,11.3,7.3,27.45,18.38,26.5,56.75,,23.7,44.27,,26.6,41.41,14.52,43.34,53.77,27.96,11.85,21.47,24.57,24.05,12.79,16.49,20.38,20.41,64.69,65.46,,30.25,35.04,14.52,
2009-08-31,72.1,33.0,40.62,29.39,,,26.65,36.28,48.22,,38.21,11.84,36.35,45.32,,52.16,42.29,61.88,33.46,10.94,52.9,23.77,12.63,32.1,28.39,,52.98,,,29.66,20.32,118.05,22.95,46.88,31.69,47.09,60.46,51.59,18.49,45.52,51.7,202.63,24.65,56.18,14.01,10.64,8.07,33.6,22.34,28.29,56.67,,28.4,50.58,,25.61,41.85,19.08,51.87,54.01,26.74,7.96,22.82,26.93,24.59,13.67,23.72,21.11,22.62,69.56,71.1,,34.28,37.39,15.75,
2009-09-30,73.8,37.27,42.74,30.62,,,25.97,37.52,50.64,17.07,39.99,11.74,38.14,44.81,,53.54,46.23,69.91,33.03,10.13,50.85,24.37,12.3,30.94,27.75,,54.91,,,28.52,19.57,119.61,22.23,47.37,34.48,49.23,58.98,57.05,17.54,47.45,56.71,202.15,25.72,55.23,14.62,11.2,8.25,30.93,22.45,29.05,58.66,,27.39,49.91,,26.57,42.6,24.08,56.93,53.25,29.2,9.36,22.28,27.52,23.69,14.82,26.5,23.43,21.86,72.43,69.11,,36.53,36.65,17.95,
2009-10-30,73.57,37.08,41.49,29.57,,,24.78,38.18,46.37,15.0,37.66,10.35,39.315,43.06,,52.51,43.96,76.94,34.01,8.94,44.42,22.31,11.91,28.56,27.27,,52.83,,,28.18,19.11,120.61,22.31,46.85,33.55,51.54,61.16,57.22,17.71,47.44,47.41,219.02,27.73,49.1,12.61,10.37,6.69,31.26,22.11,28.41,60.55,,25.04,45.23,,25.91,40.95,20.23,56.75,43.24,29.39,6.23,21.25,27.88,23.45,13.07,24.52,22.03,23.22,71.04,75.76,,33.68,36.34,17.15,
2009-11-30,77.44,41.04,46.03,28.41,,,27.25,42.83,51.14,15.86,38.22,11.43,42.095,44.9,,60.12,44.91,82.28,36.73,10.08,42.48,22.4,12.98,29.97,29.65,,49.66,,,28.04,19.2,126.35,25.45,50.87,35.87,52.58,65.97,53.14,17.82,51.38,49.26,240.86,29.41,51.97,13.26,11.64,7.76,39.73,23.63,31.35,62.22,,25.39,49.85,,28.2,43.49,24.57,62.68,44.62,26.69,6.3,23.21,29.3,25.29,12.74,24.46,24.67,24.13,72.72,81.0,,36.84,38.94,20.0,
2009-12-31,82.67,41.5,46.25,30.04,,,30.16,39.46,53.08,18.29,42.32,13.57,41.075,45.86,,60.24,44.58,86.85,35.71,9.75,45.04,22.51,14.9,33.66,32.06,,52.6,,,29.23,20.4,130.9,26.78,60.4,35.68,53.2,63.71,53.93,18.94,53.46,54.58,255.98,30.48,52.82,12.85,12.43,8.82,37.03,25.64,30.64,60.8,,24.04,49.76,,28.31,46.98,25.28,73.77,47.7,29.0,7.63,24.55,31.43,26.06,13.31,23.26,23.71,22.51,73.24,87.46,,44.15,43.14,22.27,
2010-01-29,80.49,40.99,48.43,29.93,,,26.44,36.65,48.71,17.38,39.11,12.3,40.015,45.16,,56.53,43.9,89.62,35.2,12.44,45.34,22.55,13.87,30.88,30.55,,54.05,,,28.42,19.4,122.39,22.91,57.01,35.43,54.42,59.39,50.37,18.33,48.83,51.79,249.9,28.18,48.76,13.69,12.04,7.21,36.07,25.73,28.99,59.62,,23.05,49.99,,26.79,48.24,26.09,63.55,40.5,33.23,5.63,24.88,27.97,22.5,12.63,23.99,22.41,25.08,72.03,82.03,,37.99,39.9,19.69,
2010-02-26,80.15,39.97,49.45,31.25,,,27.61,36.5,53.17,18.15,41.48,13.2,41.47,56.78,,59.55,42.14,91.83,34.34,12.21,42.8,23.73,15.09,27.63,35.78,,56.83,,,32.58,20.53,127.16,23.17,63.69,36.06,52.15,60.74,53.82,19.7,47.7,51.52,224.37,28.67,46.37,13.47,11.36,7.96,38.12,23.53,29.94,62.47,,23.21,52.41,,28.14,54.09,28.27,67.95,45.66,34.11,6.17,25.63,30.49,24.38,11.69,24.37,26.23,24.61,77.38,85.28,,38.63,40.4,21.62,
2010-03-31,83.57,41.95,54.29,32.31,,,30.0,42.54,60.7,20.563,46.21,15.85,42.63,61.95,,63.68,43.95,98.88,36.22,13.56,46.51,24.55,16.77,30.22,38.28,,58.9,,,34.66,22.29,128.25,24.61,72.89,38.25,53.43,62.88,54.78,17.7,54.33,57.12,254.0,29.288,48.33,15.54,11.95,8.0,40.34,25.44,30.72,66.16,,29.21,60.5,,29.02,56.36,32.99,74.45,52.53,38.32,7.08,27.48,28.89,24.47,11.0,28.42,30.01,25.88,80.15,91.03,,38.99,45.27,23.31,
2010-04-30,88.67,43.64,50.96,32.67,,,31.97,45.52,61.99,20.51,45.68,17.32,42.05,72.23,,66.92,48.84,103.08,34.97,14.915,52.84,26.27,16.88,33.61,38.36,,60.5,,,36.0,22.84,129.0,26.74,78.88,38.79,54.94,61.26,54.99,17.41,59.985,56.1,248.04,30.535,52.05,12.16,13.41,7.96,38.62,34.78,30.57,65.22,,29.22,63.56,,31.03,60.72,35.84,85.6,54.0,34.22,7.63,32.12,29.07,26.01,11.54,28.57,35.18,26.77,86.42,90.23,,41.09,49.52,22.46,
2010-05-28,79.31,37.52,44.3,30.63,,,28.72,42.25,58.83,20.65,40.88,15.83,39.045,67.98,,60.39,47.23,50.53,32.79,13.0,46.92,24.69,16.89,29.65,40.15,,56.41,,,33.35,21.42,125.26,23.23,74.62,36.19,53.43,60.7,50.75,17.19,55.8,45.71,201.77,25.8,49.93,10.12,11.48,7.31,35.53,33.33,28.54,62.89,,27.19,57.71,,29.12,53.43,29.0,86.53,50.04,30.78,8.99,28.82,31.94,24.42,10.27,25.07,28.79,23.96,77.35,72.46,,34.81,42.58,21.15,
2010-06-30,78.99,38.65,42.67,28.73,,,24.11,33.86,54.28,21.06,37.31,13.61,39.38,65.13,,53.36,44.91,56.02,33.5,12.29,42.5,24.38,15.53,23.58,41.1,,54.9,,,30.3,19.45,123.48,22.63,65.64,35.23,50.3,60.63,47.5,16.74,50.99,43.18,199.53,23.01,48.76,8.15,10.36,6.38,31.16,29.91,25.97,60.95,,23.44,53.66,,29.73,49.09,22.77,85.82,39.2,26.68,8.19,25.38,30.48,23.28,9.24,22.13,25.99,22.35,71.18,70.75,,30.16,35.2,12.0,
2010-07-30,85.54,39.64,49.19,28.24,,,25.15,34.66,61.06,21.76,43.32,17.0,39.49,79.61,,62.64,48.91,57.8,35.6,12.71,48.29,25.42,15.07,23.25,42.15,,52.49,,,33.34,20.6,128.4,24.2,77.46,38.28,50.05,64.12,47.69,16.63,55.22,47.98,210.04,25.81,52.3,9.51,10.52,6.75,34.38,31.48,25.99,64.91,,25.61,57.29,,31.86,54.15,28.86,98.95,45.82,31.22,8.95,27.0,31.8,24.69,10.31,23.41,33.62,23.9,79.33,73.35,,26.39,16.22,13.6,
2010-08-31,78.55,36.6,47.25,27.6,,,22.9,31.39,55.22,20.15,40.91,16.42,36.92,74.41,,61.55,47.4,57.57,33.59,11.04,44.66,24.85,13.99,22.01,40.36,,52.8,,,34.13,17.67,123.13,20.46,75.51,37.28,49.68,64.4,46.94,14.88,49.56,42.5,198.36,23.465,53.73,8.56,9.22,6.18,24.88,27.2,24.89,64.18,,23.05,50.6,,29.43,51.14,24.56,109.88,44.24,27.99,8.94,24.52,32.74,23.02,10.24,20.168,32.71,20.8,70.57,68.98,,24.157,15.7,12.83,
2010-09-30,86.71,42.49,51.71,31.55,,,27.01,40.83,57.75,22.51,46.72,18.28,38.43,90.58,,74.0,50.74,67.05,36.53,12.03,49.53,26.37,17.73,22.74,44.51,,58.58,,,37.5,19.2,134.14,21.75,86.27,36.73,50.51,65.05,52.68,15.98,57.82,52.2,224.0,24.49,54.39,10.03,10.5,7.21,27.5,25.63,27.49,66.44,,25.92,54.18,,30.49,61.73,31.53,111.8,48.28,30.92,10.46,29.22,38.56,27.14,11.35,22.95,38.36,21.62,81.02,74.26,,28.39,15.76,14.46,
2010-10-29,84.22,44.71,55.89,30.49,,,29.78,42.98,59.25,24.68,46.0,18.35,38.56,88.1,,78.57,49.32,63.91,35.2,12.56,48.19,28.16,15.9,24.18,46.25,,56.15,,,42.55,20.05,143.6,25.28,78.06,38.28,50.26,63.34,51.22,15.54,59.76,54.73,240.06,26.665,55.04,10.7,9.46,7.67,29.51,27.04,27.74,65.3,,26.84,52.58,,29.81,62.37,39.54,116.07,51.69,33.84,10.4,31.68,39.36,29.57,11.94,23.95,41.42,24.2,83.24,78.16,,32.01,16.22,14.28,
2010-11-30,83.98,43.32,51.5,29.11,,,30.65,42.72,58.75,26.11,47.06,19.19,38.275,97.12,,77.81,47.81,66.36,33.66,11.95,57.83,28.08,13.92,25.37,47.66,,57.375,,,43.12,21.16,141.46,24.97,79.82,37.89,49.23,61.89,56.42,15.32,61.66,56.32,237.03,25.258,50.62,9.23,10.31,8.155,28.7,26.31,28.54,64.63,,27.24,50.68,,28.14,66.12,40.25,139.22,57.09,35.48,12.15,30.42,41.09,31.8,10.81,22.26,43.56,23.78,82.88,73.85,,33.5,16.69,13.69,
2010-12-31,86.3,48.49,56.43,31.88,,,33.03,34.29,57.57,28.413,51.34,20.48,40.185,110.01,,84.08,50.42,80.84,35.04,14.68,66.26,29.08,15.2,27.43,47.18,,61.39,,,46.0,21.03,146.76,27.24,83.92,41.44,51.08,63.04,54.34,15.86,65.27,62.76,224.11,27.91,51.99,10.32,11.89,9.88,35.24,31.15,30.91,65.33,,32.56,58.71,,29.86,71.71,47.0,132.0,66.39,35.71,12.63,35.4,41.16,32.5,12.18,26.49,47.73,26.97,86.18,70.38,,33.9,18.93,15.47,
2011-01-31,87.92,51.47,57.58,31.14,,,35.62,34.0,57.71,28.71,49.16,22.19,38.385,105.88,,92.86,49.69,84.29,34.77,14.87,69.19,29.68,15.13,25.84,44.09,,65.66,,,46.13,21.46,162.0,28.88,88.64,44.83,50.3,64.73,50.78,16.57,67.72,64.57,236.51,27.725,53.46,10.7,10.73,11.05,37.91,33.47,32.0,64.31,,32.77,61.51,,30.84,81.01,44.9,129.14,61.7,34.34,12.93,36.23,42.99,33.91,12.4,27.78,47.02,27.0,82.72,69.85,,34.02,23.18,13.18,
2011-02-28,92.23,51.48,58.86,31.78,,,34.21,32.24,63.83,33.99,48.28,25.04,39.26,101.12,,93.41,48.64,85.04,34.56,14.6,70.76,31.4,13.95,28.5,44.9,,68.98,,,48.82,21.47,161.88,27.78,98.42,45.34,53.56,65.9,53.89,16.34,71.38,63.5,240.56,26.58,55.47,8.63,11.2,11.15,35.67,35.73,33.63,63.42,,34.26,65.83,,29.61,87.73,43.79,132.27,64.2,36.84,14.4,36.04,47.82,35.61,12.37,29.6,48.72,27.73,95.67,73.05,,30.58,24.41,13.16,
2011-03-31,93.5,54.97,52.78,31.78,,,34.09,28.72,64.98,31.1,43.35,26.7,40.38,109.62,,99.32,51.02,87.0,35.17,13.885,73.66,30.41,14.48,28.1,46.84,,70.17,,,51.82,20.18,163.07,30.18,99.74,44.77,53.98,65.27,53.04,16.92,75.92,62.88,251.72,25.39,55.12,8.51,10.72,9.86,35.38,35.99,31.385,64.41,,32.11,61.58,,30.04,94.65,41.26,133.58,65.01,31.83,16.24,34.82,50.7,34.56,13.0,26.93,52.3,26.43,98.53,73.62,,37.29,24.6,14.65,
2011-04-29,97.21,57.13,56.19,33.84,,,36.32,31.22,65.63,33.46,47.17,26.71,42.175,120.18,,107.25,52.76,86.35,37.01,13.27,69.94,29.78,16.09,27.18,46.84,32.8,73.07,,,55.1,23.15,170.58,30.88,102.38,48.74,57.27,66.06,52.71,17.4,78.58,66.25,275.89,25.92,56.57,9.23,10.35,10.5,31.66,37.84,32.71,68.89,,33.75,63.42,,31.62,87.13,39.82,138.6,62.07,28.31,16.83,35.85,55.92,35.53,13.24,28.97,56.39,25.82,100.56,78.12,,39.8,23.01,13.77,
2011-05-31,94.38,57.39,47.79,31.38,,,36.2,31.76,63.96,33.79,47.98,26.43,43.765,105.24,,105.85,54.88,88.73,38.48,13.06,68.93,28.71,16.02,27.49,45.74,34.89,71.82,,,56.73,22.51,168.93,31.22,97.15,49.35,56.99,68.3,53.24,17.56,74.65,61.13,287.05,25.01,57.95,7.02,10.8,11.22,27.7,38.2,32.3,71.12,,31.27,63.78,,31.52,83.11,39.0,152.26,59.1,26.74,17.9,36.83,55.79,35.3,12.96,26.65,51.62,25.6,99.67,81.06,,36.65,21.54,13.83,
2011-06-30,94.85,60.42,46.68,30.53,,,31.88,31.41,63.55,38.0,47.59,25.11,43.705,103.49,,102.07,56.38,87.18,37.53,12.75,64.66,28.54,17.24,24.53,43.93,33.0,71.59,,,55.28,22.16,171.55,29.82,94.3,49.43,55.32,66.56,50.01,16.82,35.85,53.65,301.34,26.0,57.46,6.42,10.8,10.47,28.94,37.35,30.72,70.43,,30.42,63.59,,30.85,86.76,37.64,148.98,57.6,26.39,17.21,36.76,60.2,32.83,12.74,26.37,50.4,25.51,108.56,84.26,,36.38,21.86,13.17,
2011-07-29,87.14,59.14,46.06,27.72,,,29.3,27.6,62.84,33.63,48.32,21.8,42.19,104.88,,96.59,50.0,71.35,38.3,12.65,63.53,28.12,16.5,23.38,39.56,26.68,66.46,,,50.89,22.33,181.85,29.7,85.12,44.29,55.78,65.36,54.71,16.03,34.22,50.52,303.25,27.4,55.25,5.8,10.2,8.69,24.82,35.58,28.23,64.04,,27.63,58.68,,29.03,71.76,30.62,144.71,50.79,25.1,16.28,34.43,54.96,29.75,12.31,23.42,43.67,26.06,116.8,85.54,,34.46,19.99,11.88,
2011-08-31,82.98,53.59,37.72,26.23,,,26.24,25.59,62.42,33.11,47.24,15.16,44.985,92.92,,82.73,53.6,75.45,37.51,10.62,60.72,28.21,16.57,20.73,38.74,20.03,65.91,,,46.76,20.13,171.91,27.15,66.91,41.58,54.32,69.16,46.34,15.0,34.03,40.28,329.71,26.6,56.72,6.44,9.81,7.27,19.72,29.06,26.98,64.43,,25.36,50.21,,30.36,64.13,25.96,128.75,45.54,21.95,11.16,30.62,52.36,26.21,10.86,19.14,39.35,23.21,117.06,87.88,,29.49,18.03,9.98,
2011-09-30,71.79,52.68,34.95,23.69,,,26.08,23.3,55.85,32.77,45.26,13.46,44.34,81.66,,68.53,48.89,71.28,36.97,10.1,46.55,26.3,14.39,18.77,32.61,20.16,62.01,,,39.24,21.34,174.87,23.25,51.81,40.75,53.19,71.01,49.1,11.81,29.01,33.62,317.16,24.89,54.02,5.66,9.32,7.18,15.74,21.68,26.37,61.9,,22.67,46.86,,28.06,56.0,21.64,114.28,36.8,19.0,8.705,28.14,53.53,26.65,9.76,16.14,32.82,23.54,121.52,85.72,,25.72,15.55,9.25,
2011-10-31,79.02,60.26,45.09,26.34,,,30.31,26.23,59.17,33.77,45.55,17.78,45.185,99.43,,39.29,53.84,75.42,37.16,12.01,56.85,30.9,16.15,22.5,38.06,23.45,69.32,,,48.5,24.54,184.63,27.7,64.62,45.55,54.21,69.71,53.01,12.43,36.4,43.14,347.24,26.63,56.4,6.73,11.57,7.57,20.86,28.38,29.14,62.95,,25.78,54.2,,28.46,67.65,29.72,133.17,46.8,20.97,8.5,35.55,59.66,30.73,11.22,19.25,42.12,25.59,138.22,93.26,,26.64,17.98,10.46,
2011-11-30,81.04,57.93,43.44,26.79,,,29.79,27.09,58.65,29.92,45.01,16.81,45.75,96.33,,39.62,57.02,66.03,37.85,12.09,54.82,30.98,15.57,24.9,35.81,24.38,64.34,,,51.99,24.91,188.0,28.4,64.42,47.96,49.16,71.47,53.8,12.05,39.48,36.63,374.55,25.58,55.44,5.79,11.22,7.53,20.52,28.7,29.11,64.0,,24.13,50.64,,27.45,75.03,27.71,118.42,46.39,18.05,8.38,31.71,54.23,30.1,12.08,17.76,42.01,25.92,138.69,96.97,,29.07,16.79,9.6,
2011-12-30,81.73,53.23,43.26,27.41,21.54,,31.09,23.37,54.81,28.86,44.04,15.22,46.195,88.02,,39.06,57.81,70.7,41.56,12.72,50.25,33.44,14.95,23.72,31.89,22.03,64.43,,,52.59,24.25,183.88,29.6,61.26,46.71,50.57,73.56,49.35,12.29,39.12,35.75,372.82,25.96,60.88,4.82,11.65,7.72,21.38,28.72,30.11,66.35,,24.6,50.12,,27.55,73.37,24.77,101.46,42.28,18.04,8.68,30.81,48.51,29.11,11.84,16.25,38.71,27.05,126.99,101.53,,30.95,18.67,10.19,
2012-01-31,86.71,57.34,48.23,28.85,26.83,,34.87,23.95,58.12,33.94,42.85,19.3,45.36,104.0,,50.32,60.44,82.67,39.74,13.005,56.24,33.34,14.63,26.63,34.91,24.44,70.89,,,55.49,26.42,192.6,31.14,78.76,50.95,49.52,71.56,45.99,12.86,42.95,40.11,355.57,29.53,59.85,5.04,11.77,8.7,24.28,33.75,31.51,65.67,,27.31,57.24,,29.28,77.87,27.18,116.8,43.63,18.22,8.84,34.1,53.56,32.38,12.76,17.52,48.83,28.22,131.49,100.64,,36.35,20.02,10.88,
2012-02-29,87.6,59.54,47.25,31.43,32.0,,35.74,24.7,58.61,37.61,45.34,18.33,46.59,120.57,,54.13,60.0,73.13,39.24,13.61,60.48,34.12,16.02,28.6,35.32,26.67,74.02,,,57.35,26.88,196.73,35.15,81.41,51.82,52.35,72.88,49.68,12.22,46.19,43.07,420.0,31.74,59.51,5.29,12.08,9.07,23.31,31.65,31.3,62.94,,27.66,61.16,,29.83,79.98,28.49,143.16,45.16,21.39,10.3,36.55,66.55,33.35,13.56,20.71,52.4,29.4,146.05,116.37,,39.25,20.89,10.98,
2012-03-30,89.21,64.5,45.99,32.92,31.6,,36.39,23.68,59.42,38.97,47.66,19.96,48.89,120.04,,51.69,61.72,72.73,40.265,14.045,60.04,35.74,16.3,28.74,36.72,24.74,75.68,,,57.65,28.12,208.65,35.1,83.31,56.18,53.63,73.89,50.03,13.2,45.35,47.37,420.54,32.255,61.08,5.49,13.14,9.01,23.17,36.03,30.99,66.35,,29.51,63.39,,30.56,79.7,29.43,154.51,39.895,20.77,9.02,36.75,68.15,33.61,13.07,21.08,50.74,31.68,145.98,118.0,,41.39,21.92,11.0,
2012-04-30,89.36,64.95,45.04,33.33,30.69,,36.08,22.07,59.37,34.48,45.36,18.81,49.47,115.83,,53.97,63.69,82.97,41.39,14.225,57.75,37.56,16.68,27.84,36.74,26.92,76.74,,,57.06,28.4,207.08,33.31,79.94,56.13,50.57,78.47,50.13,12.16,49.01,42.6,452.27,32.015,64.35,3.65,12.82,8.26,22.83,34.35,30.98,66.0,,27.67,60.54,,27.37,77.34,27.37,155.73,39.87,16.21,7.3,36.46,69.78,31.94,12.52,20.55,56.51,32.17,152.05,122.98,,38.81,20.36,9.66,
2012-05-31,84.41,57.1,40.08,33.94,29.03,,30.49,18.72,53.38,33.1,39.93,16.45,49.15,96.95,,46.56,63.21,85.37,40.95,13.35,46.88,34.74,15.59,22.92,35.42,25.99,74.31,,,51.09,25.84,192.9,29.2,72.5,53.16,48.78,79.35,45.82,11.11,47.58,35.95,406.51,29.19,65.34,2.67,11.59,6.74,20.47,30.86,29.97,67.85,,24.56,46.45,,26.36,72.51,23.55,138.62,26.08,13.24,6.4,31.42,66.48,28.48,12.09,16.82,47.7,31.11,141.04,115.2,,31.39,19.91,8.6,
2012-06-29,89.6,60.09,42.59,35.09,25.5,,30.86,20.96,55.26,35.9,39.94,16.36,52.05,96.91,,50.37,68.53,103.3,42.91,13.4,49.34,35.07,16.63,26.11,33.87,30.43,78.49,,,49.52,26.65,195.58,28.91,70.37,52.85,49.33,83.77,45.49,12.12,43.79,36.65,430.11,30.59,68.81,2.07,12.01,7.1,20.95,28.54,31.41,70.66,,26.23,48.43,,26.46,66.06,26.03,138.26,28.02,14.24,6.05,31.91,72.01,28.69,12.83,17.63,45.79,32.16,133.45,123.63,,30.48,22.36,9.18,
2012-07-31,91.23,60.3,43.78,34.3,28.39,,31.5,18.09,57.22,36.9,33.45,15.58,53.68,95.9,,52.28,65.45,101.2,44.03,13.82,49.58,35.48,17.42,25.9,35.82,26.48,74.81,,,51.92,25.7,195.98,32.81,66.69,54.94,47.7,86.91,49.72,11.57,39.88,35.58,436.57,29.47,70.9,2.41,12.24,6.94,22.52,26.86,32.69,72.73,,25.59,48.28,,28.93,67.36,24.98,124.36,28.71,12.15,8.76,33.01,67.62,27.24,12.06,16.45,36.2,33.5,149.3,129.07,,39.77,23.35,7.81,
2012-08-31,92.6,61.6,46.18,37.28,30.29,,32.21,17.74,58.5,36.57,33.29,17.31,53.155,97.11,,55.26,64.03,102.11,44.91,15.14,51.5,35.72,18.25,27.57,37.51,28.55,76.81,,,53.83,24.83,194.85,34.56,72.13,56.38,50.65,83.6,52.2,12.21,41.25,37.11,422.9,30.82,67.31,2.82,13.2,6.23,25.34,33.36,33.26,72.43,,27.44,54.51,,27.65,72.06,27.02,145.18,27.62,11.31,9.73,35.17,76.38,29.04,11.39,17.93,40.16,33.41,152.68,128.25,,41.82,24.91,7.78,
2012-09-28,92.42,70.03,47.88,39.61,31.0,,29.09,17.2,59.04,34.865,32.01,18.41,53.61,92.21,,57.01,64.81,107.37,47.41,15.505,56.28,35.82,16.68,28.72,38.165,33.25,79.22,,,55.16,22.66,207.45,36.32,76.35,56.26,51.66,85.78,51.22,12.04,39.05,36.8,451.48,29.76,70.33,2.575,13.61,6.175,27.43,33.46,33.29,70.77,,26.94,54.51,,27.51,69.55,30.21,152.69,28.15,11.7,11.71,34.01,75.41,27.56,10.97,19.44,37.16,34.3,159.36,134.28,,38.73,26.14,8.95,
2012-10-31,87.6,67.41,49.78,39.98,31.44,,28.65,15.21,59.12,33.03,32.15,18.02,52.48,93.58,,59.24,69.6,86.83,48.63,14.525,55.85,35.44,17.61,30.21,35.99,28.41,73.75,,,61.46,21.63,194.53,35.83,77.74,26.87,52.32,83.45,53.28,10.99,43.37,37.94,460.93,28.54,70.06,2.67,12.27,6.15,29.98,33.59,32.42,69.24,,27.54,57.05,,28.35,71.06,33.67,145.98,28.51,11.74,10.21,32.18,68.31,28.09,10.45,21.71,39.49,33.21,156.48,138.76,,34.23,27.69,7.72,
2012-11-30,90.95,67.92,52.99,40.48,33.99,,29.29,13.11,60.03,35.1,35.18,18.93,54.25,98.16,,60.85,72.08,86.77,49.04,14.64,53.08,36.52,16.05,30.6,38.46,31.75,80.77,,,64.95,19.57,190.07,37.14,82.01,28.37,55.46,85.72,44.65,11.53,47.51,38.44,488.68,26.615,68.71,3.26,11.74,6.615,29.35,34.58,32.54,70.21,,27.15,52.12,37.71,28.47,79.24,35.25,157.67,28.19,9.74,10.65,35.19,59.48,29.47,10.67,21.18,45.05,32.26,160.51,149.71,,33.43,27.56,8.75,
2012-12-31,92.85,66.5,53.12,40.17,38.25,,30.61,11.85,61.3,31.651,39.21,19.9,52.27,108.35,,68.05,71.9,90.17,49.32,15.2,58.74,34.65,15.5,33.62,35.9,30.17,80.42,,,64.43,20.62,191.55,39.84,83.94,29.25,55.85,84.43,42.98,11.32,48.68,42.44,491.28,26.71,69.19,3.95,11.87,7.05,29.65,36.99,31.1,68.43,,28.52,53.33,41.96,29.33,83.99,34.0,168.1,30.33,11.2,9.94,37.12,61.89,30.89,10.7,22.44,47.83,31.94,150.97,151.58,,42.49,27.82,8.76,
2013-01-31,100.55,71.89,53.06,43.9,38.66,,35.36,16.26,63.22,35.77,36.57,21.58,53.685,114.83,,71.15,72.4,89.93,53.69,16.29,64.83,36.95,16.75,36.36,37.37,37.65,86.34,,,66.07,21.04,203.07,41.42,92.14,30.23,58.5,89.51,46.29,12.1,53.93,51.5,518.4,27.45,72.05,3.92,13.36,7.855,39.18,41.67,32.65,72.85,,31.01,57.88,44.77,31.89,89.19,36.2,172.13,29.08,14.94,10.03,38.88,66.66,33.08,10.84,24.8,53.61,33.1,147.58,157.91,,47.0,30.12,9.47,
2013-02-28,104.0,74.36,49.95,46.02,41.85,,35.31,16.41,62.23,34.22,36.37,24.17,57.215,115.87,,69.73,76.55,85.93,54.66,15.84,61.9,38.48,17.61,31.09,40.02,37.09,89.22,,,66.2,20.88,200.83,44.01,96.64,32.01,60.5,94.28,46.1,11.82,56.05,54.6,517.82,27.8,71.87,3.65,13.5,8.005,38.56,38.81,33.105,75.77,,31.61,55.57,44.85,31.44,90.34,34.87,169.22,28.61,14.58,9.8,40.13,58.06,34.43,11.62,23.61,54.32,33.98,161.26,158.64,,47.16,29.41,9.6,
2013-03-28,106.31,75.97,52.02,49.07,44.4,,36.2,22.15,62.95,35.9,36.69,25.25,59.015,115.81,,69.87,80.18,82.16,56.79,16.31,66.33,41.31,18.19,31.84,43.94,40.63,92.55,,,72.32,21.84,213.3,46.58,99.41,32.0,64.43,97.98,46.13,13.55,54.18,56.72,541.13,28.605,77.68,3.28,13.75,8.275,42.49,39.43,35.06,79.11,,34.03,58.99,48.84,33.0,86.35,33.22,178.83,26.67,17.4,10.9,41.93,58.51,35.48,12.57,25.8,56.58,33.93,167.75,169.84,,50.29,31.38,10.1,
2013-04-30,104.71,81.44,54.44,49.26,46.21,,32.75,25.99,62.71,31.96,36.01,24.22,59.705,106.39,,66.65,84.62,63.79,55.38,17.03,56.98,42.45,18.6,27.67,47.37,39.89,90.4,,,72.01,23.95,202.54,46.98,99.02,32.12,65.04,103.19,47.06,14.94,52.76,53.16,552.93,33.1,82.03,3.38,12.18,7.86,39.26,42.06,36.41,82.47,,36.1,60.42,48.0,34.08,84.78,36.53,41.11,24.53,16.43,11.84,43.55,51.07,36.21,13.86,28.09,52.57,33.28,178.22,168.46,,55.28,30.51,7.99,
2013-05-31,110.27,82.11,55.69,48.24,48.81,,34.16,27.55,59.08,37.73,34.28,23.18,57.84,119.63,,71.72,84.47,66.46,53.16,18.2,63.21,43.68,19.35,30.86,44.48,39.06,96.29,,,68.12,24.28,208.02,46.15,91.83,33.81,62.05,96.83,51.41,14.5,59.8,57.27,570.25,34.9,75.62,3.44,13.36,8.56,39.82,43.7,37.23,80.77,,37.85,68.97,51.64,34.1,88.02,35.01,42.33,24.7,20.15,21.43,44.39,55.75,35.91,12.2,30.63,56.76,35.06,183.86,178.14,,63.32,29.82,7.63,
2013-06-28,109.35,71.96,58.12,48.12,50.69,,33.6,27.33,58.03,37.38,32.87,23.36,57.29,108.46,,70.01,85.19,67.2,49.12,18.05,59.31,43.69,19.24,29.76,44.83,36.06,95.74,,,65.62,24.23,191.11,44.31,91.14,32.95,64.23,97.14,50.51,13.93,57.27,54.8,574.5,34.545,81.48,3.74,13.83,8.08,37.97,39.08,36.51,81.79,,37.45,73.03,48.04,33.94,83.14,33.34,38.18,23.38,21.19,24.81,45.54,50.23,34.85,11.99,30.92,56.28,36.15,193.06,182.75,27.06,62.09,28.49,7.28,
2013-07-31,117.43,73.81,61.68,50.98,53.72,,37.67,30.09,62.12,36.68,30.84,23.17,59.87,121.19,,80.43,92.14,71.38,53.11,19.24,62.56,44.38,20.39,30.25,46.0,39.0,103.83,,,67.2,23.34,195.04,48.31,91.03,34.81,66.24,98.8,52.98,15.29,59.04,66.87,610.61,31.84,86.61,3.94,14.41,8.245,44.82,39.49,39.44,83.54,,43.36,78.97,44.96,33.91,96.85,38.09,43.75,25.66,21.04,24.11,51.04,59.12,39.18,12.44,30.86,58.42,37.32,197.0,177.01,31.12,64.38,28.4,8.62,
2013-08-30,113.58,72.25,57.79,47.92,55.02,,38.56,36.0,62.83,38.51,29.9,21.87,57.77,123.2,,76.0,91.35,70.38,51.4,18.29,63.43,41.34,19.25,28.32,45.58,38.19,101.05,,,62.94,21.98,182.27,47.21,82.24,33.04,60.71,93.48,51.31,15.07,62.53,64.85,606.08,33.4,80.36,3.9,13.14,7.24,44.92,37.44,38.68,79.73,,40.92,74.88,42.33,32.51,97.23,36.69,49.13,25.25,19.96,23.35,49.0,58.56,38.2,12.71,29.6,56.06,36.13,187.21,174.42,28.8,62.0,27.38,9.02,
2013-09-30,119.41,73.64,61.99,50.55,58.42,,41.71,37.5,66.82,43.08,32.0,23.13,59.3,132.87,,77.9,98.76,69.63,50.33,18.05,70.96,43.65,18.88,30.6,47.14,42.75,103.765,,,66.17,22.92,185.18,44.8,87.3,34.98,58.73,94.22,51.75,45.52,66.62,72.74,672.78,33.28,80.16,6.509,14.2,7.309,48.98,37.98,40.64,79.5,,42.82,77.98,43.02,33.36,106.94,38.28,51.91,27.5,21.52,25.97,51.78,55.44,40.29,13.29,31.12,60.4,36.58,199.05,191.1,29.21,63.4,28.63,10.26,
2013-10-31,125.85,73.5,64.98,53.06,57.2,,39.7,42.8,69.7,45.43,31.57,23.23,64.73,127.02,,78.79,106.0,65.19,49.82,19.035,74.22,47.45,19.83,32.35,51.65,47.14,112.43,,,65.76,24.47,179.21,44.61,95.2,36.55,63.25,108.0,56.8,47.09,69.24,78.1,717.1,35.405,84.75,7.63,14.54,7.055,47.59,35.93,42.265,84.09,30.81,47.46,81.39,41.14,33.47,110.41,42.04,53.36,29.04,17.25,27.73,51.49,44.07,42.09,14.09,33.7,52.81,37.36,215.0,196.67,31.02,69.63,30.415,11.1,
2013-11-29,133.51,77.47,66.37,54.27,58.55,,39.9,40.55,69.75,44.73,33.32,24.24,65.81,132.36,,77.03,107.17,65.53,50.22,20.32,77.81,46.54,17.9,31.25,53.82,46.42,114.0,,,69.16,23.84,179.68,46.65,97.72,38.14,60.64,109.16,55.28,48.63,71.48,79.93,760.81,38.13,84.59,8.06,15.55,7.09,48.75,39.16,43.73,84.46,32.91,50.63,88.76,47.39,34.91,113.58,44.05,52.09,30.635,18.3,26.01,52.72,45.64,43.0,14.57,35.63,51.76,39.22,234.58,203.46,34.94,75.04,30.13,11.67,
2013-12-31,140.25,82.22,66.8,54.54,60.13,,44.11,39.88,66.66,52.879,32.0,26.3,65.21,140.97,,80.7,104.27,65.76,51.0,21.03,80.29,46.93,18.37,34.98,55.01,47.71,114.26,,,68.46,25.96,187.57,49.03,102.39,41.04,61.07,104.46,56.75,46.49,71.34,85.86,835.46,37.41,85.62,8.11,15.37,8.24,50.38,40.72,45.53,82.94,36.76,49.31,92.22,49.47,33.2,118.16,47.42,55.19,32.67,17.29,33.64,55.11,45.49,43.91,14.51,36.23,55.07,40.4,62.34,222.68,35.15,83.9,31.57,12.59,
2014-01-31,128.19,79.88,62.78,51.2,60.89,,41.07,23.54,61.08,54.638,29.17,26.54,61.23,126.98,,77.96,100.54,65.12,54.01,21.02,75.96,46.23,16.97,33.29,49.12,50.27,114.89,,21.65,62.3,24.54,176.68,47.74,114.26,40.49,57.98,109.37,50.63,45.34,69.2,77.9,75.68,37.84,91.93,6.92,14.0,8.36,54.14,38.15,41.82,80.36,34.69,43.57,84.39,45.57,32.03,114.84,49.6,60.53,26.42,15.75,30.57,56.51,41.12,42.4,14.06,33.25,56.33,39.73,58.45,215.43,33.77,86.17,29.88,12.94,
2014-02-28,134.73,83.35,64.08,54.26,66.57,,43.53,26.63,65.97,61.7,31.22,27.95,62.83,145.92,,87.43,107.75,69.76,59.61,21.695,77.69,46.2,16.68,36.76,55.16,51.2,119.04,,22.36,65.84,24.76,185.17,48.89,123.2,42.18,60.69,110.35,56.19,44.66,74.97,78.16,77.72,38.31,91.39,7.58,14.03,9.34,57.83,45.76,41.76,80.07,33.45,45.35,84.58,47.46,34.11,122.84,52.93,62.37,25.37,17.55,30.5,58.58,45.92,44.96,13.65,35.19,60.36,41.14,58.59,225.94,35.87,86.99,29.51,13.8,
2014-03-31,135.66,79.72,63.04,56.58,67.86,,46.53,26.41,67.01,64.41,31.06,27.43,64.87,148.99,,86.21,107.99,74.17,58.86,22.955,77.73,47.58,17.42,39.93,55.62,52.5,119.37,,22.24,68.08,25.81,192.49,45.88,118.5,42.4,62.71,110.25,56.8,35.37,72.01,78.83,74.7,40.99,95.62,7.34,14.91,9.4,58.87,43.17,42.6,83.5,32.95,45.99,84.65,43.45,34.16,124.55,54.56,57.09,28.85,19.12,33.03,60.21,49.19,47.16,14.28,35.27,58.78,42.86,61.88,215.86,36.27,91.82,29.35,13.4,
2014-04-30,139.09,80.22,62.72,56.95,66.84,,43.13,25.93,68.94,63.5,31.28,26.64,67.3,150.85,,87.17,104.64,81.47,59.1,20.61,75.7,45.02,16.86,37.38,55.26,52.0,114.23,,21.83,70.45,26.69,196.47,46.65,115.89,40.9,66.83,112.25,54.79,37.24,66.81,81.34,73.55,40.4,99.85,7.5,14.12,9.41,55.51,40.85,41.81,85.89,30.0,46.84,80.68,42.05,35.09,119.18,53.13,51.65,28.07,17.64,29.29,58.98,45.46,45.45,14.45,35.87,63.08,40.78,61.09,202.61,35.39,88.08,29.85,11.96,
2014-05-30,142.55,81.45,61.23,58.26,69.06,,43.57,27.66,70.3,70.67,33.03,29.84,68.4,152.93,,88.26,109.19,81.2,59.86,20.69,75.08,45.83,16.85,35.52,53.7,52.99,119.65,,22.62,76.15,27.32,184.36,47.63,121.29,43.64,68.98,112.35,54.44,38.15,65.69,81.98,76.45,40.94,97.36,8.13,13.53,8.69,54.05,41.01,41.11,88.33,29.64,46.77,82.16,37.18,35.4,121.08,55.29,52.63,24.92,16.18,34.33,59.46,41.99,46.98,14.1,34.65,64.22,42.19,63.02,214.83,35.8,87.85,31.42,11.14,
2014-06-30,143.24,80.84,62.25,58.72,68.74,,44.31,31.01,73.59,72.07,32.75,32.04,68.18,154.29,,87.35,111.34,85.84,62.17,21.35,76.9,46.6,17.53,35.98,53.05,56.38,118.655,,23.3,75.04,30.9,181.27,50.47,126.39,45.6,65.7,111.22,52.68,38.34,69.88,84.85,73.47,41.7,102.48,7.56,14.28,9.14,55.53,38.68,41.56,89.34,29.0,50.48,88.77,37.71,37.97,125.16,55.6,58.08,26.07,16.77,33.62,61.84,40.2,47.79,15.55,35.81,67.84,43.32,63.0,210.71,36.34,92.3,33.09,11.89,
2014-07-31,140.89,79.28,59.74,58.45,66.8,,42.33,29.73,74.57,69.38,32.79,30.84,63.4,139.39,,78.78,108.53,90.25,61.06,20.48,72.87,45.0,17.6,32.55,49.95,65.31,116.25,,24.21,73.63,33.89,191.67,47.5,123.7,43.15,59.83,103.87,53.54,36.94,66.44,77.89,74.15,43.16,93.89,7.93,13.38,8.56,46.22,34.05,41.01,88.1,28.3,49.68,86.97,36.76,37.93,111.66,59.65,54.25,26.71,18.43,32.94,61.89,42.16,46.25,14.61,34.16,44.3,42.03,61.27,211.01,37.1,99.89,31.32,11.55,
2014-08-29,144.0,81.06,61.24,61.49,69.58,,44.51,31.89,76.96,82.09,32.67,31.78,64.73,145.11,,82.47,114.82,99.26,63.56,20.405,73.89,47.23,17.4,35.27,52.655,69.82,119.69,,25.32,79.76,34.92,192.3,48.45,133.61,44.62,64.97,108.0,58.79,37.65,71.1,77.58,75.81,45.43,98.45,8.37,13.09,9.76,49.68,36.0,41.65,92.49,31.58,54.29,89.7,40.77,39.33,116.61,63.76,59.09,27.69,19.11,30.08,62.68,45.67,48.18,15.18,37.05,45.29,42.28,64.12,212.52,39.09,103.01,33.95,11.96,
2014-09-30,141.68,81.32,58.25,61.37,61.34,,41.5,33.59,73.62,87.0,32.59,29.74,65.22,131.98,,80.89,114.83,102.15,64.85,20.02,66.79,45.36,16.32,31.81,54.995,70.52,116.47,,24.63,75.79,34.82,189.83,47.74,126.34,44.57,61.6,107.57,61.03,34.33,69.135,70.1,73.92,46.36,93.88,8.46,12.97,8.94,44.15,31.75,44.2,93.09,32.86,52.47,87.94,37.2,39.02,109.88,67.29,57.53,24.05,18.04,28.87,55.29,41.92,47.69,14.18,37.25,42.39,41.83,66.03,213.37,39.1,97.32,31.86,12.16,
2014-10-31,153.77,81.12,59.73,64.85,68.98,,43.25,34.14,72.6,86.25,31.02,32.0,66.88,146.18,,80.78,111.23,120.92,66.33,19.99,66.34,47.7,17.55,36.91,57.53,70.05,120.03,,25.24,77.25,34.01,164.4,50.62,135.21,42.93,63.96,114.27,54.22,36.57,72.48,66.75,83.75,46.95,100.22,8.27,14.55,8.29,44.76,32.06,46.94,96.17,33.38,52.37,88.54,41.01,38.4,112.35,67.97,63.99,23.55,19.82,29.19,61.13,42.32,49.66,14.07,39.58,42.99,42.6,67.68,241.43,39.25,98.37,33.86,12.2,
2014-11-28,160.09,86.33,59.73,68.15,72.95,,43.79,39.41,73.69,93.4,31.91,33.74,69.59,145.62,,82.92,108.95,129.68,68.12,20.12,61.99,47.95,18.02,35.85,59.2,69.69,137.2,,26.22,83.23,37.25,162.17,53.82,145.66,42.9,66.25,116.59,59.62,40.41,72.04,66.86,87.29,47.81,104.39,8.24,14.2,9.03,45.4,34.84,47.41,100.1,34.02,53.27,84.98,46.02,39.61,115.41,73.74,59.87,22.8,21.99,29.19,64.2,45.14,54.42,13.87,41.3,42.79,44.2,75.17,258.19,41.88,103.27,35.31,12.9,
2014-12-31,164.32,89.31,61.09,70.25,72.72,,43.02,38.98,70.73,100.59,31.66,34.25,69.19,144.17,,75.86,104.52,127.38,68.99,20.375,60.63,47.08,18.93,38.02,54.99,73.39,136.15,,26.09,84.84,36.29,160.44,53.58,149.93,43.86,65.44,115.54,61.04,43.52,69.09,68.17,86.16,46.45,106.29,7.86,14.88,10.13,48.65,35.81,46.17,94.56,33.53,51.94,90.46,44.49,40.25,111.2,82.43,59.31,22.56,20.47,26.94,63.25,43.68,53.47,13.77,41.69,42.68,44.95,74.9,262.2,42.38,110.7,35.89,11.32,
2015-01-30,162.3,84.03,57.08,69.79,68.73,,41.62,35.2,57.48,102.88,31.51,32.34,67.52,139.46,,70.89,103.77,125.35,72.0,17.3,53.59,44.43,20.07,34.08,54.92,70.8,138.07,,25.97,80.64,33.04,153.31,52.66,147.08,40.81,65.58,107.96,59.72,41.4,67.91,72.88,82.03,40.4,109.24,7.6,13.41,10.01,42.85,40.05,45.26,93.78,32.5,46.93,75.88,46.5,39.68,108.92,75.55,56.45,16.88,23.29,30.18,66.39,44.56,53.45,12.22,38.9,38.01,41.91,69.37,254.91,39.01,97.23,35.85,12.86,
2015-02-27,168.65,90.03,62.25,70.6,78.84,,45.81,38.1,61.96,127.62,32.52,34.26,70.82,142.23,,74.46,115.54,133.02,70.17,19.36,58.0,46.99,22.22,33.12,62.315,71.54,140.05,,28.27,82.21,33.25,161.94,56.41,161.25,42.22,64.48,109.66,73.8,45.02,69.04,80.46,90.13,43.85,103.46,8.01,14.09,12.75,48.79,39.66,49.835,98.98,36.66,51.17,80.85,46.0,40.92,117.04,76.42,69.38,15.7,28.32,33.03,72.13,44.52,58.8,12.97,40.96,42.48,44.61,76.66,271.31,44.19,106.98,35.11,13.78,
2015-03-31,164.95,93.69,64.01,71.17,79.74,,44.5,37.79,59.97,126.98,35.37,38.71,69.34,138.64,,69.26,114.38,142.46,72.65,18.85,57.16,46.75,23.25,35.14,63.24,75.23,139.62,,29.62,77.82,31.27,160.5,55.49,170.4,43.06,65.95,107.11,78.25,41.96,65.39,86.15,86.39,40.655,104.05,7.58,14.19,12.11,48.79,43.4,49.615,95.62,37.58,51.37,80.31,45.48,40.56,115.99,81.85,66.81,15.86,26.78,31.69,71.62,44.14,57.19,12.85,41.82,42.14,43.67,75.31,65.41,43.11,91.01,33.15,13.32,
2015-04-30,156.39,92.65,63.04,69.66,83.0,,42.63,34.65,65.3,116.88,35.6,38.34,67.28,138.26,,76.22,111.98,126.65,71.87,20.0,60.14,47.83,21.86,34.71,70.79,74.01,137.1,,28.96,79.4,32.55,171.29,53.72,166.06,39.38,63.33,109.69,71.65,41.64,66.86,85.33,90.21,48.64,100.93,6.58,13.66,11.52,53.84,38.66,48.39,95.12,37.9,51.12,81.6,47.41,40.63,118.6,68.06,72.82,17.42,30.23,34.04,66.55,43.99,54.21,13.25,40.77,39.29,42.87,72.43,66.05,42.34,97.74,31.51,11.47,
2015-05-29,159.08,96.04,62.22,67.32,86.98,,44.01,34.7,61.1,148.07,34.53,38.24,66.79,135.55,,76.77,114.65,130.72,78.9,20.24,56.22,48.45,22.49,35.85,72.13,81.83,141.67,,28.96,81.97,34.46,169.65,51.83,173.23,40.36,62.77,108.86,65.49,42.5,67.21,84.65,92.26,46.86,102.34,7.29,13.61,13.26,50.16,42.36,49.41,96.43,38.32,51.69,84.61,46.95,40.29,122.89,75.98,72.75,17.91,30.92,38.88,69.0,38.94,55.92,13.6,41.11,39.1,43.11,70.43,68.68,45.31,97.36,32.56,12.07,
2015-06-30,154.3,96.78,62.2,64.87,85.09,,41.11,32.61,59.28,132.93,32.41,37.0,65.41,131.19,,81.82,113.07,142.43,83.49,20.82,53.01,47.3,21.33,35.51,74.79,90.72,142.12,,27.55,79.81,30.42,162.66,47.59,171.0,38.48,62.7,105.97,62.61,40.37,60.89,89.38,93.48,44.15,98.03,6.85,14.46,11.69,42.38,41.25,46.88,93.34,38.46,51.29,87.52,46.72,39.17,124.64,78.69,69.63,17.47,28.39,38.77,64.3,37.0,51.51,13.26,41.57,36.57,43.4,69.74,67.15,46.47,78.42,31.5,11.97,
2015-07-31,151.34,103.11,64.05,68.95,78.08,,41.73,32.29,55.87,125.14,31.97,37.97,68.02,129.53,,78.4,115.81,152.16,84.51,21.07,46.75,47.43,22.21,34.02,78.74,93.01,147.98,,26.85,88.2,28.95,161.99,47.87,178.04,37.99,66.17,114.97,61.32,40.8,60.55,90.48,97.4,46.7,105.2,7.05,14.39,10.62,36.54,44.85,46.4,96.35,35.76,55.51,88.36,45.52,42.53,116.78,89.85,73.3,15.71,28.35,40.66,60.92,37.11,49.98,12.8,47.55,33.38,45.21,77.09,75.34,46.95,86.06,30.69,12.36,
2015-08-31,142.14,94.27,58.6,58.28,75.52,,42.4,36.74,53.93,125.97,30.48,32.02,62.81,121.75,,72.46,109.14,140.88,82.35,19.92,45.62,43.72,23.0,34.5,74.59,86.62,136.81,,24.83,86.34,28.54,147.89,43.14,148.87,36.29,66.28,106.53,51.03,42.08,58.65,86.9,92.37,43.52,98.41,6.24,13.8,9.555,42.05,44.29,44.66,92.93,35.65,50.35,80.7,40.3,40.98,111.83,88.16,69.36,17.31,25.78,39.61,59.29,29.23,47.84,12.0,45.95,31.75,42.35,72.43,71.3,43.08,81.96,27.94,11.71,
2015-09-30,141.77,98.26,58.13,58.24,76.04,,42.68,37.12,54.55,125.01,28.97,32.0,63.46,108.58,,64.72,109.72,142.17,83.69,18.91,42.35,41.28,23.61,29.67,72.14,77.36,132.72,,22.94,87.31,30.14,144.97,37.79,143.77,33.46,66.55,109.04,46.31,41.31,52.43,81.89,90.12,44.26,97.55,6.78,13.93,9.4,36.33,41.91,47.63,94.3,34.37,47.34,76.21,37.63,41.2,101.47,89.09,69.43,13.54,24.5,39.81,59.89,28.96,49.52,9.79,45.78,27.49,41.01,68.21,69.66,38.77,79.44,27.34,12.29,
2015-10-30,157.21,107.2,63.75,61.88,83.19,,45.43,35.03,58.09,123.13,29.78,37.28,66.35,103.51,,72.17,120.35,157.15,81.57,19.05,47.81,43.73,24.78,32.84,76.83,68.79,151.71,,24.99,95.06,33.86,140.08,42.69,166.71,36.44,70.52,119.71,46.12,52.57,59.81,91.78,98.99,52.64,102.66,7.42,14.0,11.0,41.09,45.53,51.58,102.19,33.81,50.16,82.5,39.1,43.74,109.16,98.35,77.71,16.86,28.4,37.89,64.44,28.11,56.72,10.95,46.26,31.6,42.18,67.52,77.58,40.57,66.82,29.33,12.38,
2015-11-30,156.58,107.22,65.24,62.76,87.88,,45.32,31.78,57.64,130.45,30.22,37.47,65.68,100.37,,72.65,119.16,163.0,82.04,20.67,48.6,43.75,25.2,40.77,73.09,68.06,156.48,14.86,23.22,98.57,34.77,139.42,41.83,166.12,35.31,68.77,119.15,47.13,57.93,56.45,90.28,97.92,54.35,99.86,7.21,14.75,10.96,43.86,46.84,54.25,100.16,34.36,51.46,86.55,41.31,43.93,106.44,92.61,79.69,16.51,25.92,35.5,67.09,29.91,58.12,9.99,45.64,32.24,43.89,64.7,79.01,40.7,62.41,32.17,12.55,
2015-12-31,150.64,104.5,59.9,62.09,85.73,,42.84,30.45,56.42,145.15,30.13,34.58,66.62,88.01,,67.51,114.38,78.98,84.26,20.1,47.22,40.94,24.98,42.91,67.36,67.63,158.19,15.2,21.4,95.84,34.45,137.62,37.7,159.86,31.89,72.27,127.3,47.63,56.26,51.89,84.29,97.36,55.48,103.89,7.02,13.56,9.8,39.04,47.03,52.89,99.92,35.27,44.98,81.41,36.67,43.99,102.61,101.21,78.4,14.37,24.61,39.12,64.61,26.42,54.81,9.57,43.46,28.59,42.67,62.25,77.55,36.91,60.05,29.98,11.54,
2016-01-29,151.0,105.54,57.96,60.6,64.94,38.45,39.92,27.93,53.52,133.71,28.01,27.97,67.53,89.89,,61.21,107.87,78.21,79.1,15.8,44.89,37.64,23.92,38.63,74.28,69.58,151.44,13.76,17.81,100.72,31.02,124.79,34.21,140.72,34.39,73.44,128.42,49.75,46.12,53.24,76.35,89.03,55.09,111.71,7.2,12.32,8.56,32.93,46.19,47.86,99.3,31.94,38.0,70.08,32.8,43.7,95.57,81.96,68.06,13.45,23.88,40.15,57.16,24.34,52.93,9.5,40.18,26.55,40.06,62.6,74.49,30.58,47.98,25.61,11.72,
2016-02-29,156.87,100.26,59.52,63.46,66.68,38.79,41.15,32.39,55.02,133.97,28.2,25.41,65.64,97.57,,64.15,102.55,87.0,72.0,15.26,46.04,39.85,26.43,41.45,75.87,69.21,165.45,13.27,20.78,101.22,29.59,131.03,35.7,102.07,35.18,74.02,130.3,46.67,43.22,54.57,77.44,86.92,50.88,112.82,6.03,11.16,8.39,34.5,42.92,51.39,97.82,32.52,37.81,66.09,31.97,45.7,104.09,74.37,67.75,14.64,21.12,37.1,56.92,24.95,53.02,9.8,42.12,29.83,38.52,65.11,72.39,29.36,43.53,25.98,11.18,
2016-03-31,166.63,115.4,63.14,67.37,75.02,40.11,44.3,32.44,60.69,154.5,29.82,28.82,70.65,109.94,,72.23,111.52,88.21,72.01,16.69,53.7,44.48,27.19,47.8,80.1,78.05,172.63,17.73,22.52,106.79,32.35,151.45,41.04,117.32,36.71,76.55,134.51,46.61,50.32,58.57,81.42,94.5,55.23,118.34,5.91,12.19,9.59,40.87,47.28,54.01,102.48,33.36,39.45,72.22,36.11,47.65,113.75,82.15,73.83,18.44,25.72,38.3,61.92,26.24,57.42,11.8,46.08,33.49,40.59,64.76,76.48,29.77,47.24,30.98,12.58,
2016-04-29,167.38,112.92,68.97,65.05,73.63,40.1,41.12,32.08,65.16,145.75,27.93,29.63,70.92,117.03,,76.38,114.98,106.21,75.53,18.31,54.66,46.04,27.89,44.59,84.64,80.62,168.7,16.66,22.05,115.09,30.28,145.94,43.27,115.17,38.52,76.81,125.19,44.3,49.61,62.67,77.03,96.99,49.87,117.58,5.87,13.4,9.47,48.85,46.07,52.12,102.96,33.81,42.68,77.64,35.74,47.07,113.47,77.4,75.8,20.62,24.1,39.28,59.48,25.3,57.04,11.16,44.38,35.63,42.69,63.05,77.24,32.47,40.865,32.12,12.15,
2016-05-31,168.32,118.97,69.46,67.51,67.96,42.02,41.03,32.17,62.91,154.36,28.85,29.85,70.41,114.47,,73.36,117.24,98.5,75.03,18.87,52.78,48.33,28.19,42.93,87.29,78.02,173.73,18.47,20.78,117.41,31.59,153.74,42.16,117.86,42.62,74.37,127.04,36.04,49.4,60.18,79.75,95.9,53.0,120.12,5.7,13.16,9.77,45.91,51.07,54.22,101.17,31.8,44.56,79.25,32.8,48.28,116.05,77.39,83.71,16.09,27.86,42.76,60.0,28.34,60.6,11.09,45.17,33.25,42.82,62.32,78.94,32.86,46.54,31.5,12.01,
2016-06-30,175.12,113.29,72.16,69.95,62.6,46.06,40.51,30.6,63.39,155.4,28.61,26.48,73.2,112.44,,67.9,118.6,99.73,78.75,17.59,49.28,47.6,26.84,45.55,83.99,77.01,176.8,18.27,22.53,129.41,32.8,151.78,42.38,97.45,42.6,81.65,137.48,37.92,47.87,59.08,64.34,88.06,51.17,130.4,5.69,12.53,8.82,47.71,51.52,59.5,105.94,32.7,41.11,71.34,29.02,51.31,114.82,67.15,79.41,17.6,29.35,43.27,57.11,25.07,62.65,12.48,44.38,30.66,40.33,61.49,74.17,24.76,47.26,29.77,12.36,
2016-07-29,178.36,112.81,72.28,68.33,67.82,45.14,41.1,33.6,64.12,161.98,28.27,28.45,74.43,122.77,,65.23,118.38,114.52,82.89,18.98,53.52,49.19,26.77,49.78,81.23,77.13,180.98,21.02,23.19,133.24,34.86,160.62,45.81,109.47,45.57,82.71,129.55,41.59,50.01,62.06,69.4,95.24,56.68,128.29,5.77,13.16,10.03,55.09,52.91,59.28,108.92,32.7,46.63,75.29,30.99,51.26,114.4,72.44,81.8,19.49,33.41,46.34,60.28,28.38,69.75,12.35,39.85,33.45,42.17,62.43,78.05,25.63,47.51,32.72,11.34,
2016-08-31,179.24,115.0,74.18,68.96,70.66,41.6,41.68,38.48,66.3,176.42,28.63,29.89,74.34,125.61,,67.89,123.05,115.16,77.75,20.16,51.9,49.41,23.66,48.0,81.74,75.55,163.79,21.48,23.87,136.96,35.89,158.88,48.49,116.75,43.68,82.21,128.06,44.38,40.51,63.56,71.46,96.63,57.46,120.94,5.67,14.16,10.8,53.93,54.92,60.67,106.75,31.65,49.07,79.38,26.84,50.52,115.93,71.11,79.42,18.78,32.16,46.34,63.57,31.73,69.54,12.07,41.07,33.87,44.15,62.05,80.9,29.24,46.67,31.85,10.32,
2016-09-30,176.23,122.17,71.87,69.18,71.32,41.78,41.06,38.18,65.57,172.52,29.03,27.98,74.14,128.15,26.4673,67.68,121.72,120.56,80.26,20.46,51.32,50.87,23.95,49.74,79.33,75.63,162.98,22.75,22.93,133.06,37.75,158.85,47.98,113.79,46.53,77.47,126.14,43.75,43.28,62.62,72.26,101.77,57.6,122.32,5.79,14.06,12.32,56.0,53.39,57.87,108.77,32.34,51.51,81.65,25.86,50.45,122.34,74.95,71.33,20.9,33.21,46.72,64.38,31.0,70.18,12.85,42.82,35.14,42.89,56.05,82.7,28.82,58.47,31.94,9.71,
2016-10-31,165.3,116.24,68.87,67.9,65.07,39.41,41.95,38.91,63.6,170.28,28.72,25.76,71.36,127.82,27.1816,71.91,114.17,95.22,73.84,21.76,51.99,48.23,22.99,49.16,83.41,76.53,149.2,22.47,22.6,131.17,34.87,153.69,45.03,96.85,40.32,75.13,114.41,43.75,41.57,65.83,76.8,107.02,59.92,128.0,4.48,14.7,11.67,53.5,48.78,55.2,107.2,31.84,54.6,84.79,22.89,52.63,119.72,76.87,75.16,24.15,31.33,49.73,62.87,26.96,70.85,11.77,44.11,33.05,44.76,54.21,82.51,30.55,58.44,29.93,9.67,
2016-11-30,171.74,119.43,71.38,69.92,64.0,36.17,45.89,45.7,65.86,170.49,28.91,29.04,65.23,141.78,29.6567,75.12,116.73,82.85,67.12,26.02,53.51,50.35,23.93,58.99,85.39,70.89,148.96,23.8,25.07,117.38,34.7,162.22,48.72,101.28,44.98,72.0,115.61,53.83,51.2,78.51,85.41,102.2,60.26,114.23,4.3,17.05,11.78,70.0,51.38,58.95,100.1,30.14,57.69,100.6,24.15,55.49,133.71,80.97,72.0,27.9,29.07,54.21,67.64,26.85,73.93,11.45,47.12,39.05,49.62,54.51,77.32,38.87,63.66,30.83,9.59,
2016-12-30,178.57,117.13,69.6,74.12,67.35,37.88,47.61,42.67,71.92,176.77,28.14,31.49,65.44,136.67,30.4374,75.21,117.22,93.7,73.55,26.97,52.52,51.96,24.34,55.0,77.79,74.02,151.71,23.14,27.2,124.96,36.27,165.99,53.06,101.04,41.19,73.71,114.12,49.38,51.14,76.67,88.87,103.25,62.14,119.46,4.81,18.15,12.76,64.61,51.56,60.88,104.63,30.36,57.86,104.06,25.73,57.05,134.4,82.04,68.46,25.7,28.03,57.51,69.28,27.17,72.97,11.62,47.65,39.7,51.37,53.35,78.02,39.22,67.95,30.09,9.68,
2017-01-31,174.82,113.87,69.99,75.21,70.06,38.8,46.44,44.52,75.63,199.5,29.57,30.36,64.58,147.01,34.8782,77.5,120.13,96.24,77.03,26.1,55.5,53.83,24.68,56.13,82.51,80.28,159.86,22.68,57.58,128.19,36.82,174.52,56.6,103.03,43.98,72.71,121.13,39.83,48.32,83.37,95.46,106.33,64.65,123.72,4.52,17.75,13.32,69.63,55.25,60.29,103.78,31.86,57.09,105.11,25.91,57.38,147.99,93.63,79.1,23.65,30.27,62.27,74.35,29.36,75.54,11.44,48.71,44.4,52.65,51.48,82.71,40.22,79.73,31.33,9.23,
2017-02-28,186.35,122.5,72.35,82.16,76.13,43.72,46.08,44.13,75.63,210.93,29.24,35.62,72.98,148.49,35.155,80.25,123.97,94.04,82.81,27.44,55.39,56.95,24.24,53.01,96.87,87.24,171.56,22.82,57.2,120.89,36.2,179.82,52.7,114.7,41.94,74.07,132.55,42.62,53.3,84.21,97.04,110.46,63.98,131.0,5.14,18.35,15.13,67.89,58.49,61.42,110.38,31.43,62.54,110.54,27.7,61.95,151.1,96.1,81.35,23.8,30.96,62.53,74.47,31.1,76.62,11.52,48.89,44.2,55.0,52.45,87.94,41.23,76.88,33.72,9.78,
2017-03-31,191.33,119.88,72.42,81.49,80.49,42.74,45.76,49.15,74.79,218.96,31.27,34.79,73.19,151.2,35.4817,80.8,125.34,94.07,84.11,25.4,52.62,56.54,24.76,50.19,99.82,88.99,169.97,23.7,58.46,120.43,36.07,174.14,50.78,111.45,42.12,72.61,131.63,39.81,51.14,86.86,102.57,112.47,65.86,128.37,5.42,17.35,15.49,68.59,61.37,58.9,111.86,31.83,63.11,106.68,29.79,62.81,155.71,98.11,82.49,20.65,33.73,64.59,74.55,31.12,80.56,11.18,48.07,45.2,51.5,54.97,88.87,37.96,82.53,33.98,10.23,
2017-04-28,195.83,121.3,74.88,81.29,80.4,43.5,38.69,51.81,70.85,220.81,33.21,35.81,72.04,150.94,37.1595,79.75,129.09,109.67,82.06,24.43,51.32,55.81,24.42,52.71,99.11,84.21,173.8,18.63,58.97,123.82,36.15,160.29,53.97,114.86,41.57,71.0,129.75,39.03,52.66,89.03,100.98,116.32,68.46,133.56,5.73,16.8,14.18,69.39,60.85,59.28,113.28,33.8,65.13,107.03,30.55,62.99,157.35,106.6,86.12,18.9,34.52,67.27,77.37,29.18,79.18,11.31,48.36,48.25,51.28,54.63,91.22,37.38,89.07,33.87,9.85,
2017-05-31,204.47,124.47,75.38,86.34,87.97,45.43,36.68,59.39,67.14,239.48,34.82,34.88,76.36,157.7,38.4219,80.11,132.84,115.07,79.57,23.74,44.86,56.73,27.32,46.86,105.26,81.91,183.97,18.81,66.47,114.09,36.11,152.63,52.88,115.47,41.76,71.6,129.73,38.43,55.56,89.38,101.87,122.88,69.84,141.44,6.32,15.8,15.48,63.12,62.4,59.23,116.87,34.52,62.91,104.85,30.46,63.61,158.72,110.18,89.64,19.3,36.62,67.42,78.85,27.26,82.49,11.68,49.39,46.15,50.89,53.8,95.23,34.18,90.06,32.96,10.78,
2017-06-30,208.19,123.68,77.68,88.44,87.65,44.15,38.88,57.33,73.44,233.05,34.02,36.4,74.13,162.22,33.8372,83.99,132.75,118.24,82.3,25.96,45.78,57.25,27.83,48.24,111.51,87.2,183.02,16.59,61.85,119.21,33.74,153.83,56.61,125.0,43.36,69.46,129.11,38.67,51.69,92.09,111.65,121.45,68.93,140.13,6.16,17.25,14.04,68.88,66.92,56.94,115.49,36.0,64.07,108.14,32.45,63.73,161.96,109.23,86.6,25.2,38.19,60.62,78.68,29.49,76.93,11.11,52.57,46.25,51.92,57.6,93.78,36.89,88.6,33.5,5.2,
2017-07-31,201.17,128.82,79.75,91.0,90.42,45.42,38.38,58.34,75.87,246.66,34.93,37.99,72.2,167.9,35.5869,83.16,131.67,115.18,82.66,26.7,43.43,58.79,29.0,49.02,105.88,80.34,182.21,17.51,62.53,123.32,35.47,144.67,54.98,127.22,38.95,68.0,123.16,41.35,53.44,87.26,107.15,127.8,72.7,146.09,6.39,16.3,14.95,68.86,67.05,57.85,116.61,34.9,66.75,113.23,33.2,64.22,165.03,113.07,90.8,25.8,41.07,61.66,80.39,31.82,81.38,11.18,55.0,45.5,52.78,62.19,99.56,39.24,85.12,33.02,6.15,
2017-08-31,204.32,130.76,82.55,90.5,96.4,48.82,38.57,54.26,71.79,252.07,35.11,36.08,71.64,159.38,41.4895,86.2,133.3,113.66,81.29,26.13,38.57,57.9,28.45,55.23,98.25,78.66,173.68,18.06,64.33,123.82,35.07,143.03,53.87,121.91,39.59,65.46,123.29,39.78,58.32,86.84,111.51,133.3,74.77,150.51,6.18,16.35,17.08,74.6,74.13,57.03,115.73,33.5,62.52,102.08,33.9,65.24,164.06,124.46,95.49,26.9,39.63,64.71,79.6,31.92,82.82,11.04,54.07,44.85,51.25,62.87,103.52,38.23,88.27,32.61,5.94,
2017-09-29,209.9,135.07,81.39,91.91,98.4,47.42,39.3,56.96,75.71,242.54,34.32,37.88,72.85,168.03,42.7519,90.49,128.61,109.31,85.54,27.98,42.1,61.55,28.75,57.95,97.67,79.59,81.99,14.71,69.45,120.64,38.08,145.08,56.82,123.5,40.29,62.37,117.68,45.65,59.22,91.68,117.82,141.2,74.49,146.55,5.98,18.3,18.47,82.54,77.35,59.96,111.43,32.57,64.34,106.32,32.95,66.06,178.21,118.54,93.42,28.15,37.34,61.66,83.06,33.79,89.64,11.02,55.43,48.55,53.59,63.57,105.24,39.89,86.4,34.03,5.68,
2017-10-31,230.19,142.36,83.89,93.86,99.38,51.73,39.8,55.98,76.61,263.91,37.75,39.32,70.45,176.88,45.8306,90.81,130.66,102.23,81.94,28.9,43.09,63.33,30.45,63.69,92.59,75.65,78.6,13.92,72.28,125.35,45.49,154.06,57.27,129.49,41.39,62.53,112.51,41.76,62.52,91.67,123.28,148.77,83.18,155.07,4.89,18.2,21.32,91.56,82.69,63.79,110.23,32.67,65.85,110.46,32.33,65.07,200.82,123.77,102.34,29.45,43.41,59.77,90.97,33.45,96.69,10.63,55.05,47.15,54.38,69.65,109.98,40.16,89.27,35.91,5.36,
2017-11-30,243.14,148.01,87.64,102.66,104.67,53.07,41.41,59.61,77.01,277.94,38.37,43.36,72.45,167.4,43.3223,92.37,135.92,117.2,84.64,30.51,48.41,65.83,32.24,66.37,93.02,85.0,71.45,13.95,77.56,138.48,44.84,153.97,56.61,152.49,37.64,66.16,119.76,47.97,63.57,91.14,128.9,150.47,84.17,158.04,5.01,18.25,20.08,90.04,88.35,67.31,116.52,29.02,70.79,115.84,27.91,64.94,193.08,123.88,104.32,29.2,46.8,61.07,94.44,38.01,97.29,10.58,57.44,49.9,55.15,72.96,112.59,44.2,78.86,35.38,5.39,
2017-12-07,,,,,,,,,,,,,,,,,,,,,,,,,,,,,,,,,,,,,,,,,,,,,,,,,,,,,,,,,,,,,,,,,,,,,,,,44.16,,,,
2017-12-29,235.37,153.09,87.78,104.71,84.83,50.58,39.62,68.47,80.02,256.9,37.4,43.31,75.45,176.64,45.0055,92.64,134.18,112.71,84.46,30.34,51.65,63.28,31.74,63.43,90.89,87.84,69.88,14.36,79.86,139.8,46.16,153.42,57.94,148.93,38.11,67.98,120.66,54.23,64.57,91.58,126.11,151.36,85.54,156.19,4.66,17.45,20.94,90.89,91.94,68.08,119.92,29.19,70.56,114.98,26.5,67.61,196.35,119.28,102.23,33.5,44.95,63.51,95.04,38.46,104.44,10.83,56.28,49.15,53.58,74.0,114.02,,79.53,35.26,5.47,
2018-01-31,250.5,160.7,88.2,98.77,94.88,48.72,42.5,73.06,82.31,248.03,40.22,45.69,74.24,188.0,39.701,99.18,137.68,126.58,81.45,33.1,60.7,68.32,33.94,66.69,94.57,101.16,75.68,16.4,85.65,143.64,48.14,163.7,62.86,156.35,39.13,68.11,117.0,64.77,66.6,97.57,131.39,169.0,95.01,158.42,4.81,17.3,24.74,90.72,92.97,68.25,120.3,32.45,67.6,118.82,27.51,68.8,197.29,133.55,113.91,34.2,47.94,65.1,102.53,40.5,109.67,11.56,58.76,52.55,57.14,81.14,124.23,51.91,88.98,37.54,5.49,
2018-02-28,235.51,161.01,88.88,92.26,91.33,48.52,42.7,72.44,76.01,246.46,38.12,46.75,68.97,168.17,41.1351,101.08,130.45,133.67,77.02,33.05,56.9,69.11,31.37,58.1,95.57,99.25,66.19,18.59,80.79,130.64,49.29,155.83,59.59,160.61,36.87,66.2,110.92,66.09,63.31,87.54,118.46,175.76,93.77,152.15,5.8,17.0,23.92,78.93,81.3,65.13,109.73,33.15,62.33,106.32,25.55,67.18,180.8,126.6,116.25,34.0,50.46,60.61,103.09,36.82,108.35,10.87,52.85,43.8,54.36,74.57,122.94,51.02,87.04,35.03,5.51,
2018-03-29,219.52,153.5,43.76,94.8,84.97,51.12,41.76,69.99,75.57,235.65,36.45,47.22,71.68,162.09,40.5371,105.58,137.07,139.52,77.37,31.75,57.22,68.73,31.99,55.86,84.3,97.0,67.21,17.54,78.76,128.92,52.08,153.43,53.43,174.64,35.24,65.01,110.13,65.51,65.4,89.95,115.1,175.16,91.27,163.33,5.47,16.9,24.46,77.27,80.4,61.59,109.15,31.31,60.91,103.55,27.28,66.23,174.2,117.74,116.3,32.35,48.34,61.04,99.9,39.67,103.89,11.37,51.52,45.6,50.5,74.12,119.62,50.5,92.27,35.0,5.16,
2018-04-30,194.39,151.2,45.57,97.82,84.58,52.71,39.23,76.53,75.93,229.42,34.31,45.31,65.23,159.86,39.7398,102.08,144.77,127.36,81.07,33.17,58.95,69.99,31.89,52.38,88.09,95.74,76.0,17.05,78.84,121.09,51.62,144.96,51.56,169.51,33.87,58.9,103.54,62.12,64.23,82.87,95.72,178.27,93.52,163.91,6.01,17.2,22.08,72.16,65.49,60.57,100.94,32.99,59.22,106.32,24.81,64.68,164.53,108.19,120.99,29.45,45.83,60.51,91.75,40.92,101.43,12.24,53.84,42.75,50.45,80.87,126.88,52.35,78.79,36.78,4.78,
2018-05-31,197.23,155.74,45.06,93.48,97.5,53.09,38.12,68.25,77.4,252.07,34.04,46.19,63.09,142.39,44.6622,104.31,142.61,137.31,85.04,30.58,48.74,66.28,30.03,56.87,86.75,103.14,69.2,15.24,80.71,111.39,55.2,141.31,53.5,163.76,33.56,64.39,100.85,66.75,60.06,89.6,90.0,190.12,98.84,165.81,5.79,17.95,25.13,72.75,63.22,65.58,100.25,32.62,55.8,96.84,23.79,67.43,175.41,104.98,129.33,31.15,47.09,55.7,93.08,39.87,111.91,12.75,52.33,47.3,49.99,81.16,130.72,51.94,83.51,37.33,4.6,
2018-06-29,196.72,163.59,43.02,91.27,91.63,52.93,42.89,74.58,77.26,242.64,32.69,47.74,64.81,133.0,46.8328,99.96,140.33,145.57,85.33,28.7,48.78,65.28,28.93,55.66,92.31,102.6,72.64,14.61,79.16,110.7,49.71,139.7,52.08,165.99,33.45,69.87,105.34,72.9,59.0,87.76,86.06,196.52,98.61,167.03,5.75,18.6,22.235,70.32,63.37,68.35,108.87,36.38,52.95,93.51,22.8,68.36,166.23,103.6,136.4,33.7,51.26,59.75,90.06,40.15,110.25,13.41,51.13,43.55,50.02,81.52,132.45,47.0,77.41,36.46,4.79,58.83
2018-07-31,212.32,159.33,46.54,95.12,98.07,50.06,43.85,75.03,79.28,221.77,32.39,49.8,67.01,142.81,51.2292,103.62,140.7,142.45,98.81,29.59,51.25,71.35,30.38,53.95,99.61,124.23,79.41,15.44,78.66,101.3,48.1,144.93,53.73,171.01,37.51,71.03,113.86,73.87,68.42,93.94,93.26,198.0,106.08,167.54,5.4,19.45,22.05,75.25,62.22,69.02,115.0,37.4,58.08,100.91,21.87,72.48,187.56,112.76,137.15,32.95,54.02,60.0,93.57,38.29,111.32,13.36,52.7,49.25,53.01,92.07,136.74,50.52,70.15,34.18,5.06,58.0
2018-08-31,210.92,169.07,46.24,100.57,88.01,49.34,48.4,79.56,81.96,219.03,32.09,48.81,66.41,141.8,53.2503,97.03,150.48,144.24,105.65,29.43,57.41,72.14,30.64,45.68,99.31,134.11,77.68,16.53,77.62,101.07,48.43,146.48,51.14,152.52,37.77,71.79,115.54,79.11,70.77,94.16,93.73,215.56,112.33,170.1,5.55,20.3,21.34,70.26,56.62,73.25,112.01,44.23,55.19,98.25,21.39,73.36,180.96,122.58,152.68,26.35,56.83,66.04,91.68,41.47,112.4,13.46,50.37,48.65,54.11,92.13,146.89,50.07,63.24,34.71,5.15,56.75
2018-09-28,210.71,170.2,47.07,98.7,83.9,47.93,44.77,79.36,82.53,246.73,31.65,44.1,66.95,146.07,53.7763,95.72,156.78,174.1,107.31,27.92,58.1,74.44,30.61,45.7,105.12,139.12,85.03,16.31,80.78,104.96,47.29,151.21,49.15,144.32,35.0,70.02,113.64,74.55,69.16,93.44,85.96,222.61,114.37,167.6,5.58,19.3,18.43,71.24,54.27,73.65,111.8,45.78,58.59,101.32,20.64,72.66,187.52,129.94,159.03,27.05,60.65,70.18,87.93,37.71,107.29,14.0,49.96,49.85,52.81,93.45,150.09,49.67,58.54,32.27,5.21,55.57
2018-10-31,190.26,157.62,43.07,95.72,76.8,47.01,40.07,70.16,74.74,223.49,28.18,40.29,59.55,136.69,50.0498,78.35,153.15,147.6,108.44,26.99,43.86,74.01,27.41,45.72,91.71,133.53,83.0,15.25,71.17,101.18,46.88,115.43,45.36,132.26,31.97,65.48,104.3,75.73,64.78,80.91,76.29,197.67,106.81,172.5,5.62,17.85,17.0,56.14,47.27,65.49,112.38,45.0,47.07,93.78,19.07,72.68,164.73,104.73,137.24,26.9,54.13,68.55,75.42,36.4,92.83,14.58,45.42,39.55,52.27,82.88,137.85,43.76,43.07,26.63,5.17,49.29
2018-11-30,207.92,164.52,45.74,89.19,71.9,50.38,43.82,64.59,74.5,237.41,28.29,43.68,63.52,151.06,58.4053,78.82,160.49,162.01,118.64,27.93,40.93,77.07,30.38,50.63,91.0,143.99,89.2,15.0,75.54,104.46,49.31,124.27,46.19,143.2,34.78,63.65,115.37,67.17,63.0,85.95,81.18,201.07,110.89,181.71,5.47,18.73,19.18,71.33,52.15,70.76,121.94,39.66,49.32,93.76,19.26,77.34,174.34,113.07,142.76,28.01,52.82,68.45,76.93,37.63,99.85,15.49,44.19,40.15,54.46,81.29,141.71,44.95,45.39,26.41,5.22,50.13
2018-12-31,190.54,141.01,45.56,82.63,61.57,50.09,36.1,52.96,65.35,254.28,27.6,40.04,59.52,133.64,48.87,73.11,147.35,153.17,115.72,23.53,32.2,73.7,26.99,40.28,81.25,124.45,78.52,13.21,71.8,91.4,46.93,113.67,40.36,126.6,29.65,57.01,113.94,66.34,52.72,78.85,64.8,188.65,101.57,173.82,5.82,15.4,16.51,61.31,43.98,65.15,110.48,37.35,44.17,81.55,14.68,72.09,150.48,97.79,136.97,21.55,48.28,63.61,75.63,38.36,94.5,14.46,44.45,37.32,45.7,71.34,131.94,40.14,36.97,21.86,5.13,45.37
2019-01-31,200.3,153.55,47.7,87.87,79.13,49.87,41.2,59.24,73.19,268.25,28.83,45.75,64.68,147.11,48.59,80.62,158.17,170.42,119.86,26.82,36.57,74.71,29.83,43.22,90.56,139.43,77.7,15.59,74.48,99.0,47.12,134.42,47.43,143.41,33.77,59.01,111.38,68.69,58.0,86.44,79.03,211.13,104.43,178.98,6.35,16.14,20.04,75.05,52.39,70.8,112.67,39.79,50.07,92.14,17.75,76.71,169.52,120.05,151.97,24.2,50.12,69.62,80.95,44.38,100.68,16.39,46.92,42.59,51.16,84.17,135.01,46.43,44.99,26.24,5.69,49.09
2019-02-28,207.39,161.38,49.14,94.38,83.11,48.35,43.49,68.84,77.94,275.36,28.8,49.76,65.87,154.09,55.82,82.69,168.91,169.29,126.29,27.58,37.6,80.28,33.22,46.56,84.9,139.04,59.3,16.38,83.1,92.45,52.96,138.13,45.82,165.12,35.27,56.26,116.83,67.53,64.59,86.42,84.25,224.77,112.03,187.72,6.09,17.78,21.48,77.81,49.93,77.02,115.64,36.58,52.64,95.85,13.6,78.43,178.56,118.48,163.65,24.3,47.99,72.21,82.09,48.37,105.78,17.23,49.36,43.39,51.69,87.36,148.12,50.57,50.3,24.89,5.6,52.57
2019-03-29,207.78,176.02,50.0,94.18,79.49,50.35,43.37,71.06,74.82,300.71,29.04,49.45,68.54,157.87,58.69,75.88,176.54,191.33,129.76,25.22,36.8,78.1,35.18,43.15,85.02,130.38,60.11,15.43,83.11,94.69,53.7,141.1,46.27,154.18,36.94,57.38,123.9,68.77,64.09,83.87,82.69,235.45,117.94,193.32,5.72,16.4,20.57,75.13,47.12,80.2,122.55,34.49,50.19,91.88,11.4,80.38,175.46,114.62,158.37,24.0,42.24,69.1,80.75,43.65,106.07,18.08,49.72,43.62,48.19,86.91,156.19,49.96,48.06,26.34,3.98,49.99
2019-04-30,189.51,182.67,50.38,99.06,85.7,51.21,48.61,74.41,78.97,318.4,27.68,52.07,72.79,166.29,67.41,78.88,184.08,176.07,117.04,28.82,39.73,83.62,36.3,44.89,101.86,127.23,64.06,15.81,86.99,94.75,51.04,140.27,46.81,154.57,37.5,60.3,128.38,71.1,73.48,87.27,96.04,254.24,130.6,194.44,5.28,17.08,23.06,82.59,51.27,84.31,128.05,33.23,57.16,105.71,13.02,82.82,180.71,120.94,165.35,23.72,50.37,72.99,95.65,45.47,117.83,17.12,52.31,47.95,53.32,94.41,164.43,54.89,51.12,26.8,4.57,55.72
2019-05-31,159.75,178.07,51.3,95.51,64.04,50.06,40.84,62.67,72.61,251.64,28.02,45.7,69.62,150.76,59.55,64.92,184.09,170.7,115.94,26.5,27.72,84.2,36.15,40.19,95.14,120.96,64.46,13.72,89.44,76.16,44.04,126.99,41.47,124.45,38.52,52.56,127.89,49.32,75.33,75.94,85.52,251.49,123.68,198.21,5.05,15.94,17.76,71.19,48.47,85.79,128.0,36.75,51.57,92.38,7.09,84.59,148.85,121.76,151.41,21.11,48.0,73.44,84.23,34.34,104.31,15.8,52.66,44.01,50.2,81.88,161.33,50.93,37.22,22.8,4.42,53.34
2019-06-28,173.34,184.77,54.81,101.69,80.83,50.5,45.27,69.73,75.45,287.86,29.27,51.3,71.67,171.34,50.8,77.83,197.44,184.74,110.79,27.9,33.69,87.59,38.09,48.18,105.68,135.17,69.9,14.95,97.74,82.49,47.87,137.9,43.32,140.69,41.31,53.57,133.28,47.55,79.85,82.32,96.6,264.53,133.96,204.86,5.01,16.59,20.21,83.49,58.2,82.29,131.13,39.11,57.92,101.0,7.24,86.64,163.83,121.21,151.73,26.17,52.39,74.14,95.78,35.85,114.76,16.76,55.72,51.34,52.4,87.35,173.55,55.3,47.55,26.34,4.33,55.74
2019-07-31,174.72,192.58,52.64,107.4,87.65,50.55,45.42,76.53,74.81,289.99,27.1,53.01,71.74,164.0,57.74,75.35,201.73,212.85,108.95,29.69,32.51,90.43,39.68,35.5,121.16,133.51,66.54,14.37,96.55,77.29,50.55,148.24,43.91,145.69,42.44,58.22,135.65,53.86,82.1,84.52,91.35,272.27,136.27,207.17,5.41,17.61,21.51,83.57,58.0,83.05,127.81,38.75,58.04,101.31,5.21,88.65,160.78,116.34,154.5,26.63,56.86,79.73,92.4,36.62,125.01,16.79,57.63,45.71,57.15,87.39,178.0,56.17,53.89,25.41,4.09,56.55
2019-08-30,161.72,198.17,50.18,102.39,83.17,50.54,41.89,63.65,68.63,282.64,25.9,52.27,74.15,149.27,51.53,65.37,206.31,221.84,112.97,26.45,17.67,90.71,40.96,28.44,110.47,120.2,61.62,13.82,92.37,77.27,47.41,135.53,39.1,134.05,42.69,62.8,141.11,47.26,87.36,82.56,81.74,281.37,137.86,219.08,4.96,16.8,17.8,70.27,57.36,81.7,136.73,35.26,53.22,80.09,4.78,89.25,152.79,104.28,156.07,22.14,56.91,78.05,91.22,30.87,123.75,15.33,58.28,40.18,52.69,81.95,180.82,49.32,57.27,26.31,3.82,51.38
2019-09-25,164.0,190.87,52.17,107.66,88.07,51.98,44.2,67.43,73.2,275.77,26.66,53.38,72.24,161.37,53.74,72.67,197.3,221.5,111.39,27.66,19.18,88.94,38.79,32.3,118.81,119.1,62.23,14.59,92.77,80.2,51.02,143.16,41.36,139.9,43.7,64.06,137.58,49.78,87.04,86.64,84.57,272.75,139.36,229.37,5.07,17.67,19.2,74.61,61.47,82.26,135.09,30.75,56.78,89.77,6.13,86.1,162.42,109.66,152.99,22.05,60.58,79.81,92.66,31.62,127.74,16.12,60.35,43.8,55.74,87.02,175.28,54.56,61.05,27.84,3.59,52.07
